STATEFP,ST_NAME,COUNTYFP,COU_NAME,COUSUBFP,MCD_NAME,PLACEFP,PL_NAME,AIANNHCE,AIA_NAME
36,New York,001,Albany County,06211,Berne town,99999,,9999,
36,New York,001,Albany County,06354,Bethlehem town,99999,,9999,
36,New York,001,Albany County,16694,Coeymans town,60675,Ravena village,9999,
36,New York,001,Albany County,16694,Coeymans town,99999,,9999,
36,New York,001,Albany County,17343,Colonie town,17332,Colonie village,9999,
36,New York,001,Albany County,17343,Colonie town,46536,Menands village,9999,
36,New York,001,Albany County,17343,Colonie town,99999,,9999,
36,New York,001,Albany County,30532,Green Island town,30521,Green Island village,9999,
36,New York,001,Albany County,31104,Guilderland town,01517,Altamont village,9999,
36,New York,001,Albany County,31104,Guilderland town,99999,,9999,
36,New York,001,Albany County,40002,Knox town,99999,,9999,
36,New York,001,Albany County,50672,New Scotland town,77684,Voorheesville village,9999,
36,New York,001,Albany County,50672,New Scotland town,99999,,9999,
36,New York,001,Albany County,61181,Rensselaerville town,99999,,9999,
36,New York,001,Albany County,79851,Westerlo town,99999,,9999,
36,New York,001,Albany County,99999,,01000,Albany city,9999,
36,New York,001,Albany County,99999,,16749,Cohoes city,9999,
36,New York,001,Albany County,99999,,78674,Watervliet city,9999,
36,New York,003,Allegany County,01209,Alfred town,01198,Alfred village,9999,
36,New York,003,Allegany County,01209,Alfred town,99999,,9999,
36,New York,003,Allegany County,01319,Allen town,99999,,9999,
36,New York,003,Allegany County,01429,Alma town,99999,,9999,
36,New York,003,Allegany County,01451,Almond town,01440,Almond village,9999,
36,New York,003,Allegany County,01451,Almond town,99999,,9999,
36,New York,003,Allegany County,02011,Amity town,05815,Belmont village,9999,
36,New York,003,Allegany County,02011,Amity town,99999,,9999,
36,New York,003,Allegany County,02154,Andover town,02143,Andover village,9999,
36,New York,003,Allegany County,02154,Andover town,99999,,9999,
36,New York,003,Allegany County,02187,Angelica town,02176,Angelica village,9999,
36,New York,003,Allegany County,02187,Angelica town,99999,,9999,
36,New York,003,Allegany County,05573,Belfast town,99999,,9999,
36,New York,003,Allegany County,06717,Birdsall town,99999,,9999,
36,New York,003,Allegany County,07201,Bolivar town,07190,Bolivar village,9999,
36,New York,003,Allegany County,07201,Bolivar town,61434,Richburg village,9999,
36,New York,003,Allegany County,07201,Bolivar town,99999,,9999,
36,New York,003,Allegany County,11253,Burns town,12177,Canaseraga village,9999,
36,New York,003,Allegany County,11253,Burns town,99999,,9999,
36,New York,003,Allegany County,12243,Caneadea town,99999,,9999,
36,New York,003,Allegany County,13475,Centerville town,99999,,9999,
36,New York,003,Allegany County,15990,Clarksville town,99999,,9999,
36,New York,003,Allegany County,19367,Cuba town,19356,Cuba village,9999,
36,New York,003,Allegany County,19367,Cuba town,99999,,9999,
36,New York,003,Allegany County,27705,Friendship town,99999,,9999,
36,New York,003,Allegany County,28563,Genesee town,99999,,9999,
36,New York,003,Allegany County,29905,Granger town,99999,,9999,
36,New York,003,Allegany County,30994,Grove town,99999,,9999,
36,New York,003,Allegany County,36112,Hume town,99999,,9999,
36,New York,003,Allegany County,37297,Independence town,99999,,9999,
36,New York,003,Allegany County,50375,New Hudson town,99999,,9999,
36,New York,003,Allegany County,64166,Rushford town,99999,,9999,
36,New York,003,Allegany County,65772,Scio town,99999,,9999,
36,New York,003,Allegany County,78201,Ward town,99999,,9999,
36,New York,003,Allegany County,79103,Wellsville town,79092,Wellsville village,9999,
36,New York,003,Allegany County,79103,Wellsville town,99999,,9999,
36,New York,003,Allegany County,79202,West Almond town,99999,,9999,
36,New York,003,Allegany County,82095,Willing town,99999,,9999,
36,New York,003,Allegany County,82623,Wirt town,61434,Richburg village,9999,
36,New York,003,Allegany County,82623,Wirt town,99999,,9999,
36,New York,003,Allegany County,99999,,99999,,2535,Oil Springs Reservation
36,New York,005,Bronx County,99999,,51000,New York city,9999,
36,New York,007,Broome County,04429,Barker town,99999,,9999,
36,New York,007,Broome County,06618,Binghamton town,99999,,9999,
36,New York,007,Broome County,15110,Chenango town,99999,,9999,
36,New York,007,Broome County,17046,Colesville town,99999,,9999,
36,New York,007,Broome County,17772,Conklin town,99999,,9999,
36,New York,007,Broome County,20588,Dickinson town,59245,Port Dickinson village,9999,
36,New York,007,Broome County,20588,Dickinson town,99999,,9999,
36,New York,007,Broome County,25604,Fenton town,99999,,9999,
36,New York,007,Broome County,39837,Kirkwood town,99999,,9999,
36,New York,007,Broome County,42653,Lisle town,42642,Lisle village,9999,
36,New York,007,Broome County,42653,Lisle town,99999,,9999,
36,New York,007,Broome County,44611,Maine town,99999,,9999,
36,New York,007,Broome County,49396,Nanticoke town,99999,,9999,
36,New York,007,Broome County,65112,Sanford town,20346,Deposit village,9999,
36,New York,007,Broome County,65112,Sanford town,99999,,9999,
36,New York,007,Broome County,75319,Triangle town,81831,Whitney Point village,9999,
36,New York,007,Broome County,75319,Triangle town,99999,,9999,
36,New York,007,Broome County,76056,Union town,24515,Endicott village,9999,
36,New York,007,Broome County,76056,Union town,38748,Johnson City village,9999,
36,New York,007,Broome County,76056,Union town,99999,,9999,
36,New York,007,Broome County,77255,Vestal town,99999,,9999,
36,New York,007,Broome County,82535,Windsor town,82524,Windsor village,9999,
36,New York,007,Broome County,82535,Windsor town,99999,,9999,
36,New York,007,Broome County,99999,,06607,Binghamton city,9999,
36,New York,009,Cattaraugus County,01297,Allegany town,01286,Allegany village,9999,
36,New York,009,Cattaraugus County,01297,Allegany town,99999,,9999,
36,New York,009,Cattaraugus County,02759,Ashford town,99999,,9999,
36,New York,009,Cattaraugus County,12661,Carrollton town,99999,,9999,
36,New York,009,Cattaraugus County,16903,Coldspring town,99999,,9999,
36,New York,009,Cattaraugus County,17684,Conewango town,99999,,9999,
36,New York,009,Cattaraugus County,19840,Dayton town,68891,South Dayton village,9999,
36,New York,009,Cattaraugus County,19840,Dayton town,99999,,9999,
36,New York,009,Cattaraugus County,22678,East Otto town,99999,,9999,
36,New York,009,Cattaraugus County,24031,Ellicottville town,24020,Ellicottville village,9999,
36,New York,009,Cattaraugus County,24031,Ellicottville town,99999,,9999,
36,New York,009,Cattaraugus County,25340,Farmersville town,99999,,9999,
36,New York,009,Cattaraugus County,27342,Franklinville town,27331,Franklinville village,9999,
36,New York,009,Cattaraugus County,27342,Franklinville town,99999,,9999,
36,New York,009,Cattaraugus County,27441,Freedom town,99999,,9999,
36,New York,009,Cattaraugus County,30257,Great Valley town,99999,,9999,
36,New York,009,Cattaraugus County,34946,Hinsdale town,99999,,9999,
36,New York,009,Cattaraugus County,36123,Humphrey town,99999,,9999,
36,New York,009,Cattaraugus County,37825,Ischua town,99999,,9999,
36,New York,009,Cattaraugus County,41982,Leon town,99999,,9999,
36,New York,009,Cattaraugus County,42840,Little Valley town,42829,Little Valley village,9999,
36,New York,009,Cattaraugus County,42840,Little Valley town,99999,,9999,
36,New York,009,Cattaraugus County,43896,Lyndon town,99999,,9999,
36,New York,009,Cattaraugus County,44237,Machias town,99999,,9999,
36,New York,009,Cattaraugus County,45161,Mansfield town,99999,,9999,
36,New York,009,Cattaraugus County,49462,Napoli town,99999,,9999,
36,New York,009,Cattaraugus County,49880,New Albion town,13024,Cattaraugus village,9999,
36,New York,009,Cattaraugus County,49880,New Albion town,99999,,9999,
36,New York,009,Cattaraugus County,54727,Olean town,99999,,9999,
36,New York,009,Cattaraugus County,55783,Otto town,99999,,9999,
36,New York,009,Cattaraugus County,57298,Perrysburg town,99999,,9999,
36,New York,009,Cattaraugus County,57331,Persia town,29630,Gowanda village,9999,
36,New York,009,Cattaraugus County,57331,Persia town,99999,,9999,
36,New York,009,Cattaraugus County,59509,Portville town,59498,Portville village,9999,
36,New York,009,Cattaraugus County,59509,Portville town,99999,,9999,
36,New York,009,Cattaraugus County,60587,Randolph town,99999,,9999,
36,New York,009,Cattaraugus County,60950,Red House town,99999,,9999,
36,New York,009,Cattaraugus County,64760,Salamanca town,99999,,9999,
36,New York,009,Cattaraugus County,69870,South Valley town,99999,,9999,
36,New York,009,Cattaraugus County,84055,Yorkshire town,20115,Delevan village,9999,
36,New York,009,Cattaraugus County,84055,Yorkshire town,99999,,9999,
36,New York,009,Cattaraugus County,99999,,54716,Olean city,9999,
36,New York,009,Cattaraugus County,99999,,64749,Salamanca city,0080,Allegany Reservation
36,New York,009,Cattaraugus County,99999,,64749,Salamanca city,9999,
36,New York,009,Cattaraugus County,99999,,99999,,0080,Allegany Reservation
36,New York,009,Cattaraugus County,99999,,99999,,0540,Cattaraugus Reservation
36,New York,009,Cattaraugus County,99999,,99999,,2535,Oil Springs Reservation
36,New York,011,Cayuga County,03166,Aurelius town,13068,Cayuga village,8100,
36,New York,011,Cayuga County,03166,Aurelius town,13068,Cayuga village,9999,
36,New York,011,Cayuga County,03166,Aurelius town,99999,,8100,
36,New York,011,Cayuga County,03166,Aurelius town,99999,,9999,
36,New York,011,Cayuga County,10297,Brutus town,79015,Weedsport village,9999,
36,New York,011,Cayuga County,10297,Brutus town,99999,,9999,
36,New York,011,Cayuga County,12969,Cato town,12958,Cato village,9999,
36,New York,011,Cayuga County,12969,Cato town,46646,Meridian village,9999,
36,New York,011,Cayuga County,12969,Cato town,99999,,9999,
36,New York,011,Cayuga County,17849,Conquest town,99999,,9999,
36,New York,011,Cayuga County,26231,Fleming town,99999,,9999,
36,New York,011,Cayuga County,28673,Genoa town,99999,,9999,
36,New York,011,Cayuga County,37660,Ira town,12958,Cato village,9999,
36,New York,011,Cayuga County,37660,Ira town,99999,,9999,
36,New York,011,Cayuga County,41740,Ledyard town,03188,Aurora village,8100,
36,New York,011,Cayuga County,41740,Ledyard town,03188,Aurora village,9999,
36,New York,011,Cayuga County,41740,Ledyard town,99999,,8100,
36,New York,011,Cayuga County,41740,Ledyard town,99999,,9999,
36,New York,011,Cayuga County,43071,Locke town,99999,,9999,
36,New York,011,Cayuga County,46602,Mentz town,59212,Port Byron village,9999,
36,New York,011,Cayuga County,46602,Mentz town,99999,,9999,
36,New York,011,Cayuga County,48131,Montezuma town,99999,,8100,
36,New York,011,Cayuga County,48131,Montezuma town,99999,,9999,
36,New York,011,Cayuga County,48307,Moravia town,48296,Moravia village,9999,
36,New York,011,Cayuga County,48307,Moravia town,99999,,9999,
36,New York,011,Cayuga County,51198,Niles town,99999,,9999,
36,New York,011,Cayuga County,55871,Owasco town,99999,,9999,
36,New York,011,Cayuga County,65816,Scipio town,99999,,8100,
36,New York,011,Cayuga County,65816,Scipio town,99999,,9999,
36,New York,011,Cayuga County,66278,Sempronius town,99999,,9999,
36,New York,011,Cayuga County,66443,Sennett town,99999,,9999,
36,New York,011,Cayuga County,70376,Springport town,76155,Union Springs village,9999,
36,New York,011,Cayuga County,70376,Springport town,99999,,8100,
36,New York,011,Cayuga County,70376,Springport town,99999,,9999,
36,New York,011,Cayuga County,71146,Sterling town,24988,Fair Haven village,9999,
36,New York,011,Cayuga County,71146,Sterling town,99999,,9999,
36,New York,011,Cayuga County,72037,Summerhill town,99999,,9999,
36,New York,011,Cayuga County,73770,Throop town,99999,,9999,
36,New York,011,Cayuga County,77024,Venice town,99999,,9999,
36,New York,011,Cayuga County,77420,Victory town,99999,,9999,
36,New York,011,Cayuga County,99999,,03078,Auburn city,9999,
36,New York,011,Cayuga County,99999,,99999,,9999,
36,New York,013,Chautauqua County,02605,Arkwright town,99999,,9999,
36,New York,013,Chautauqua County,11451,Busti town,41069,Lakewood village,9999,
36,New York,013,Chautauqua County,11451,Busti town,99999,,9999,
36,New York,013,Chautauqua County,12639,Carroll town,99999,,9999,
36,New York,013,Chautauqua County,13860,Charlotte town,67488,Sinclairville village,9999,
36,New York,013,Chautauqua County,13860,Charlotte town,99999,,9999,
36,New York,013,Chautauqua County,14069,Chautauqua town,46239,Mayville village,9999,
36,New York,013,Chautauqua County,14069,Chautauqua town,99999,,9999,
36,New York,013,Chautauqua County,15198,Cherry Creek town,99999,,9999,
36,New York,013,Chautauqua County,16595,Clymer town,99999,,9999,
36,New York,013,Chautauqua County,21116,Dunkirk town,99999,,9999,
36,New York,013,Chautauqua County,23976,Ellery town,05848,Bemus Point village,9999,
36,New York,013,Chautauqua County,23976,Ellery town,99999,,9999,
36,New York,013,Chautauqua County,23998,Ellicott town,13288,Celoron village,9999,
36,New York,013,Chautauqua County,23998,Ellicott town,25164,Falconer village,9999,
36,New York,013,Chautauqua County,23998,Ellicott town,99999,,9999,
36,New York,013,Chautauqua County,24053,Ellington town,99999,,9999,
36,New York,013,Chautauqua County,27606,French Creek town,99999,,9999,
36,New York,013,Chautauqua County,28838,Gerry town,67488,Sinclairville village,9999,
36,New York,013,Chautauqua County,28838,Gerry town,99999,,9999,
36,New York,013,Chautauqua County,32050,Hanover town,67411,Silver Creek village,9999,
36,New York,013,Chautauqua County,32050,Hanover town,99999,,9999,
36,New York,013,Chautauqua County,32248,Harmony town,56231,Panama village,9999,
36,New York,013,Chautauqua County,32248,Harmony town,99999,,9999,
36,New York,013,Chautauqua County,39507,Kiantone town,99999,,9999,
36,New York,013,Chautauqua County,47592,Mina town,99999,,9999,
36,New York,013,Chautauqua County,52155,North Harmony town,99999,,9999,
36,New York,013,Chautauqua County,58926,Poland town,99999,,9999,
36,New York,013,Chautauqua County,58981,Pomfret town,27419,Fredonia village,9999,
36,New York,013,Chautauqua County,58981,Pomfret town,99999,,9999,
36,New York,013,Chautauqua County,59421,Portland town,08488,Brocton village,9999,
36,New York,013,Chautauqua County,59421,Portland town,99999,,9999,
36,New York,013,Chautauqua County,61885,Ripley town,99999,,9999,
36,New York,013,Chautauqua County,66916,Sheridan town,99999,,9999,
36,New York,013,Chautauqua County,66960,Sherman town,66949,Sherman village,9999,
36,New York,013,Chautauqua County,66960,Sherman town,99999,,9999,
36,New York,013,Chautauqua County,71476,Stockton town,12749,Cassadaga village,9999,
36,New York,013,Chautauqua County,71476,Stockton town,99999,,9999,
36,New York,013,Chautauqua County,77530,Villenova town,99999,,9999,
36,New York,013,Chautauqua County,79950,Westfield town,79939,Westfield village,9999,
36,New York,013,Chautauqua County,79950,Westfield town,99999,,9999,
36,New York,013,Chautauqua County,99999,,21105,Dunkirk city,9999,
36,New York,013,Chautauqua County,99999,,38264,Jamestown city,9999,
36,New York,013,Chautauqua County,99999,,99999,,0540,Cattaraugus Reservation
36,New York,013,Chautauqua County,99999,,99999,,9999,
36,New York,015,Chemung County,02781,Ashland town,79081,Wellsburg village,9999,
36,New York,015,Chemung County,02781,Ashland town,99999,,9999,
36,New York,015,Chemung County,04132,Baldwin town,99999,,9999,
36,New York,015,Chemung County,06475,Big Flats town,99999,,9999,
36,New York,015,Chemung County,12947,Catlin town,99999,,9999,
36,New York,015,Chemung County,15077,Chemung town,99999,,9999,
36,New York,015,Chemung County,24240,Elmira town,24251,Elmira Heights village,9999,
36,New York,015,Chemung County,24240,Elmira town,99999,,9999,
36,New York,015,Chemung County,24636,Erin town,99999,,9999,
36,New York,015,Chemung County,35705,Horseheads town,24251,Elmira Heights village,9999,
36,New York,015,Chemung County,35705,Horseheads town,35694,Horseheads village,9999,
36,New York,015,Chemung County,35705,Horseheads town,99999,,9999,
36,New York,015,Chemung County,69617,Southport town,99999,,9999,
36,New York,015,Chemung County,76892,Van Etten town,99999,,9999,
36,New York,015,Chemung County,77310,Veteran town,47427,Millport village,9999,
36,New York,015,Chemung County,77310,Veteran town,99999,,9999,
36,New York,015,Chemung County,99999,,24229,Elmira city,9999,
36,New York,017,Chenango County,00353,Afton town,00342,Afton village,9999,
36,New York,017,Chenango County,00353,Afton town,99999,,9999,
36,New York,017,Chenango County,04044,Bainbridge town,04033,Bainbridge village,9999,
36,New York,017,Chenango County,04044,Bainbridge town,99999,,9999,
36,New York,017,Chenango County,17486,Columbus town,99999,,9999,
36,New York,017,Chenango County,18619,Coventry town,99999,,9999,
36,New York,017,Chenango County,28739,German town,99999,,9999,
36,New York,017,Chenango County,30422,Greene town,30411,Greene village,9999,
36,New York,017,Chenango County,30422,Greene town,99999,,9999,
36,New York,017,Chenango County,31148,Guilford town,99999,,9999,
36,New York,017,Chenango County,42411,Lincklaen town,99999,,9999,
36,New York,017,Chenango County,44127,McDonough town,99999,,9999,
36,New York,017,Chenango County,49957,New Berlin town,49946,New Berlin village,9999,
36,New York,017,Chenango County,49957,New Berlin town,99999,,9999,
36,New York,017,Chenango County,53297,North Norwich town,99999,,9999,
36,New York,017,Chenango County,53990,Norwich town,99999,,9999,
36,New York,017,Chenango County,55717,Otselic town,99999,,9999,
36,New York,017,Chenango County,55959,Oxford town,55948,Oxford village,9999,
36,New York,017,Chenango County,55959,Oxford town,99999,,9999,
36,New York,017,Chenango County,57507,Pharsalia town,99999,,9999,
36,New York,017,Chenango County,58288,Pitcher town,99999,,9999,
36,New York,017,Chenango County,58772,Plymouth town,99999,,9999,
36,New York,017,Chenango County,59817,Preston town,99999,,9999,
36,New York,017,Chenango County,66894,Sherburne town,21523,Earlville village,9999,
36,New York,017,Chenango County,66894,Sherburne town,66883,Sherburne village,9999,
36,New York,017,Chenango County,66894,Sherburne town,99999,,9999,
36,New York,017,Chenango County,68055,Smithville town,99999,,9999,
36,New York,017,Chenango County,68110,Smyrna town,68099,Smyrna village,9999,
36,New York,017,Chenango County,68110,Smyrna town,99999,,9999,
36,New York,017,Chenango County,99999,,53979,Norwich city,9999,
36,New York,019,Clinton County,01583,Altona town,99999,,9999,
36,New York,019,Clinton County,03221,Au Sable town,99999,,9999,
36,New York,019,Clinton County,05485,Beekmantown town,99999,,9999,
36,New York,019,Clinton County,06761,Black Brook town,99999,,9999,
36,New York,019,Clinton County,13750,Champlain town,13739,Champlain village,9999,
36,New York,019,Clinton County,13750,Champlain town,63979,Rouses Point village,9999,
36,New York,019,Clinton County,13750,Champlain town,99999,,9999,
36,New York,019,Clinton County,14113,Chazy town,99999,,9999,
36,New York,019,Clinton County,16397,Clinton town,99999,,9999,
36,New York,019,Clinton County,19653,Dannemora town,19642,Dannemora village,9999,
36,New York,019,Clinton County,19653,Dannemora town,99999,,9999,
36,New York,019,Clinton County,23921,Ellenburg town,99999,,9999,
36,New York,019,Clinton County,48252,Mooers town,99999,,9999,
36,New York,019,Clinton County,57375,Peru town,99999,,9999,
36,New York,019,Clinton County,58585,Plattsburgh town,99999,,9999,
36,New York,019,Clinton County,65211,Saranac town,19642,Dannemora village,9999,
36,New York,019,Clinton County,65211,Saranac town,99999,,9999,
36,New York,019,Clinton County,65717,Schuyler Falls town,99999,,9999,
36,New York,019,Clinton County,99999,,58574,Plattsburgh city,9999,
36,New York,021,Columbia County,02099,Ancram town,99999,,9999,
36,New York,021,Columbia County,03287,Austerlitz town,99999,,9999,
36,New York,021,Columbia County,12056,Canaan town,99999,,9999,
36,New York,021,Columbia County,14014,Chatham town,14003,Chatham village,9999,
36,New York,021,Columbia County,14014,Chatham town,99999,,9999,
36,New York,021,Columbia County,16045,Claverack town,57639,Philmont village,9999,
36,New York,021,Columbia County,16045,Claverack town,99999,,9999,
36,New York,021,Columbia County,16177,Clermont town,99999,,9999,
36,New York,021,Columbia County,18102,Copake town,99999,,9999,
36,New York,021,Columbia County,28068,Gallatin town,99999,,9999,
36,New York,021,Columbia County,28772,Germantown town,99999,,9999,
36,New York,021,Columbia County,28871,Ghent town,14003,Chatham village,9999,
36,New York,021,Columbia County,28871,Ghent town,99999,,9999,
36,New York,021,Columbia County,30565,Greenport town,99999,,9999,
36,New York,021,Columbia County,34748,Hillsdale town,99999,,9999,
36,New York,021,Columbia County,39573,Kinderhook town,39562,Kinderhook village,9999,
36,New York,021,Columbia County,39573,Kinderhook town,76617,Valatie village,9999,
36,New York,021,Columbia County,39573,Kinderhook town,99999,,9999,
36,New York,021,Columbia County,42917,Livingston town,99999,,9999,
36,New York,021,Columbia County,50452,New Lebanon town,99999,,9999,
36,New York,021,Columbia County,71443,Stockport town,99999,,9999,
36,New York,021,Columbia County,71850,Stuyvesant town,99999,,9999,
36,New York,021,Columbia County,73077,Taghkanic town,99999,,9999,
36,New York,021,Columbia County,99999,,35969,Hudson city,9999,
36,New York,023,Cortland County,15748,Cincinnatus town,99999,,9999,
36,New York,023,Cortland County,18421,Cortlandville town,35276,Homer village,9999,
36,New York,023,Cortland County,18421,Cortlandville town,44193,McGraw village,9999,
36,New York,023,Cortland County,18421,Cortlandville town,99999,,9999,
36,New York,023,Cortland County,19499,Cuyler town,99999,,9999,
36,New York,023,Cortland County,27496,Freetown town,99999,,9999,
36,New York,023,Cortland County,32160,Harford town,99999,,9999,
36,New York,023,Cortland County,35287,Homer town,35276,Homer village,9999,
36,New York,023,Cortland County,35287,Homer town,99999,,9999,
36,New York,023,Cortland County,41300,Lapeer town,99999,,9999,
36,New York,023,Cortland County,45403,Marathon town,45392,Marathon village,9999,
36,New York,023,Cortland County,45403,Marathon town,99999,,9999,
36,New York,023,Cortland County,59773,Preble town,99999,,9999,
36,New York,023,Cortland County,65915,Scott town,99999,,9999,
36,New York,023,Cortland County,68264,Solon town,99999,,9999,
36,New York,023,Cortland County,73220,Taylor town,99999,,9999,
36,New York,023,Cortland County,75550,Truxton town,99999,,9999,
36,New York,023,Cortland County,77596,Virgil town,99999,,9999,
36,New York,023,Cortland County,81963,Willet town,99999,,9999,
36,New York,023,Cortland County,99999,,18388,Cortland city,9999,
36,New York,025,Delaware County,02132,Andes town,99999,,9999,
36,New York,025,Delaware County,07597,Bovina town,99999,,9999,
36,New York,025,Delaware County,16793,Colchester town,99999,,9999,
36,New York,025,Delaware County,19763,Davenport town,99999,,9999,
36,New York,025,Delaware County,20137,Delhi town,20126,Delhi village,9999,
36,New York,025,Delaware County,20137,Delhi town,99999,,9999,
36,New York,025,Delaware County,20357,Deposit town,20346,Deposit village,9999,
36,New York,025,Delaware County,20357,Deposit town,99999,,9999,
36,New York,025,Delaware County,27232,Franklin town,27221,Franklin village,9999,
36,New York,025,Delaware County,27232,Franklin town,99999,,9999,
36,New York,025,Delaware County,31698,Hamden town,99999,,9999,
36,New York,025,Delaware County,31951,Hancock town,31940,Hancock village,9999,
36,New York,025,Delaware County,31951,Hancock town,99999,,9999,
36,New York,025,Delaware County,32281,Harpersfield town,70618,Stamford village,9999,
36,New York,025,Delaware County,32281,Harpersfield town,99999,,9999,
36,New York,025,Delaware County,40068,Kortright town,99999,,9999,
36,New York,025,Delaware County,45964,Masonville town,99999,,9999,
36,New York,025,Delaware County,46624,Meredith town,99999,,9999,
36,New York,025,Delaware County,47031,Middletown town,26209,Fleischmanns village,9999,
36,New York,025,Delaware County,47031,Middletown town,45557,Margaretville village,9999,
36,New York,025,Delaware County,47031,Middletown town,99999,,9999,
36,New York,025,Delaware County,64001,Roxbury town,99999,,9999,
36,New York,025,Delaware County,67345,Sidney town,67334,Sidney village,9999,
36,New York,025,Delaware County,67345,Sidney town,99999,,9999,
36,New York,025,Delaware County,70629,Stamford town,34979,Hobart village,9999,
36,New York,025,Delaware County,70629,Stamford town,70618,Stamford village,9999,
36,New York,025,Delaware County,70629,Stamford town,99999,,9999,
36,New York,025,Delaware County,74111,Tompkins town,99999,,9999,
36,New York,025,Delaware County,78047,Walton town,78036,Walton village,9999,
36,New York,025,Delaware County,78047,Walton town,99999,,9999,
36,New York,027,Dutchess County,01693,Amenia town,99999,,9999,
36,New York,027,Dutchess County,05452,Beekman town,99999,,9999,
36,New York,027,Dutchess County,16408,Clinton town,99999,,9999,
36,New York,027,Dutchess County,20819,Dover town,99999,,9999,
36,New York,027,Dutchess County,21996,East Fishkill town,99999,,9999,
36,New York,027,Dutchess County,25978,Fishkill town,25967,Fishkill village,9999,
36,New York,027,Dutchess County,25978,Fishkill town,99999,,9999,
36,New York,027,Dutchess County,37209,Hyde Park town,99999,,9999,
36,New York,027,Dutchess County,40299,LaGrange town,99999,,9999,
36,New York,027,Dutchess County,47207,Milan town,99999,,9999,
36,New York,027,Dutchess County,51891,North East town,47361,Millerton village,9999,
36,New York,027,Dutchess County,51891,North East town,99999,,9999,
36,New York,027,Dutchess County,56825,Pawling town,56814,Pawling village,9999,
36,New York,027,Dutchess County,56825,Pawling town,99999,,9999,
36,New York,027,Dutchess County,58156,Pine Plains town,99999,,9999,
36,New York,027,Dutchess County,58695,Pleasant Valley town,99999,,9999,
36,New York,027,Dutchess County,59652,Poughkeepsie town,78168,Wappingers Falls village,9999,
36,New York,027,Dutchess County,59652,Poughkeepsie town,99999,,9999,
36,New York,027,Dutchess County,60905,Red Hook town,60895,Red Hook village,9999,
36,New York,027,Dutchess County,60905,Red Hook town,74023,Tivoli village,9999,
36,New York,027,Dutchess County,60905,Red Hook town,99999,,9999,
36,New York,027,Dutchess County,61357,Rhinebeck town,61346,Rhinebeck village,9999,
36,New York,027,Dutchess County,61357,Rhinebeck town,99999,,9999,
36,New York,027,Dutchess County,70662,Stanford town,99999,,9999,
36,New York,027,Dutchess County,76166,Union Vale town,99999,,9999,
36,New York,027,Dutchess County,78157,Wappinger town,78168,Wappingers Falls village,9999,
36,New York,027,Dutchess County,78157,Wappinger town,99999,,9999,
36,New York,027,Dutchess County,78388,Washington town,47273,Millbrook village,9999,
36,New York,027,Dutchess County,78388,Washington town,99999,,9999,
36,New York,027,Dutchess County,99999,,05100,Beacon city,9999,
36,New York,027,Dutchess County,99999,,59641,Poughkeepsie city,9999,
36,New York,029,Erie County,01099,Alden town,01088,Alden village,9999,
36,New York,029,Erie County,01099,Alden town,99999,,9999,
36,New York,029,Erie County,02000,Amherst town,82084,Williamsville village,9999,
36,New York,029,Erie County,02000,Amherst town,99999,,9999,
36,New York,029,Erie County,03199,Aurora town,21589,East Aurora village,9999,
36,New York,029,Erie County,03199,Aurora town,99999,,9999,
36,New York,029,Erie County,07454,Boston town,99999,,9999,
36,New York,029,Erie County,07894,Brant town,25428,Farnham village,9999,
36,New York,029,Erie County,07894,Brant town,99999,,9999,
36,New York,029,Erie County,15011,Cheektowaga town,20313,Depew village,9999,
36,New York,029,Erie County,15011,Cheektowaga town,67686,Sloan village,9999,
36,New York,029,Erie County,15011,Cheektowaga town,82084,Williamsville village,9999,
36,New York,029,Erie County,15011,Cheektowaga town,99999,,9999,
36,New York,029,Erie County,15825,Clarence town,99999,,9999,
36,New York,029,Erie County,16870,Colden town,99999,,9999,
36,New York,029,Erie County,17200,Collins town,29630,Gowanda village,9999,
36,New York,029,Erie County,17200,Collins town,99999,,9999,
36,New York,029,Erie County,17585,Concord town,70442,Springville village,9999,
36,New York,029,Erie County,17585,Concord town,99999,,9999,
36,New York,029,Erie County,23415,Eden town,99999,,9999,
36,New York,029,Erie County,24130,Elma town,99999,,9999,
36,New York,029,Erie County,24801,Evans town,02198,Angola village,9999,
36,New York,029,Erie County,24801,Evans town,99999,,9999,
36,New York,029,Erie County,29828,Grand Island town,99999,,9999,
36,New York,029,Erie County,31654,Hamburg town,06849,Blasdell village,9999,
36,New York,029,Erie County,31654,Hamburg town,31643,Hamburg village,9999,
36,New York,029,Erie County,31654,Hamburg town,99999,,9999,
36,New York,029,Erie County,35122,Holland town,99999,,9999,
36,New York,029,Erie County,41146,Lancaster town,20313,Depew village,9999,
36,New York,029,Erie County,41146,Lancaster town,41135,Lancaster village,9999,
36,New York,029,Erie County,41146,Lancaster town,99999,,9999,
36,New York,029,Erie County,45601,Marilla town,99999,,9999,
36,New York,029,Erie County,50716,Newstead town,00441,Akron village,9999,
36,New York,029,Erie County,50716,Newstead town,99999,,9999,
36,New York,029,Erie County,51803,North Collins town,51792,North Collins village,9999,
36,New York,029,Erie County,51803,North Collins town,99999,,9999,
36,New York,029,Erie County,55277,Orchard Park town,55266,Orchard Park village,9999,
36,New York,029,Erie County,55277,Orchard Park town,99999,,9999,
36,New York,029,Erie County,65277,Sardinia town,99999,,9999,
36,New York,029,Erie County,75000,Tonawanda town,39232,Kenmore village,9999,
36,New York,029,Erie County,75000,Tonawanda town,99999,,9999,
36,New York,029,Erie County,77871,Wales town,99999,,9999,
36,New York,029,Erie County,80918,West Seneca town,99999,,9999,
36,New York,029,Erie County,99999,,11000,Buffalo city,9999,
36,New York,029,Erie County,99999,,40189,Lackawanna city,9999,
36,New York,029,Erie County,99999,,74166,Tonawanda city,9999,
36,New York,029,Erie County,99999,,99999,,0540,Cattaraugus Reservation
36,New York,029,Erie County,99999,,99999,,4225,Tonawanda Reservation
36,New York,029,Erie County,99999,,99999,,9999,
36,New York,031,Essex County,15330,Chesterfield town,99999,,9999,
36,New York,031,Essex County,19246,Crown Point town,99999,,9999,
36,New York,031,Essex County,23833,Elizabethtown town,99999,,9999,
36,New York,031,Essex County,24768,Essex town,99999,,9999,
36,New York,031,Essex County,38396,Jay town,99999,,9999,
36,New York,031,Essex County,39067,Keene town,99999,,9999,
36,New York,031,Essex County,42114,Lewis town,99999,,9999,
36,New York,031,Essex County,47669,Minerva town,99999,,9999,
36,New York,031,Essex County,48428,Moriah town,99999,,9999,
36,New York,031,Essex County,50144,Newcomb town,99999,,9999,
36,New York,031,Essex County,51935,North Elba town,40761,Lake Placid village,9999,
36,New York,031,Essex County,51935,North Elba town,65233,Saranac Lake village,9999,
36,New York,031,Essex County,51935,North Elba town,99999,,9999,
36,New York,031,Essex County,53077,North Hudson town,99999,,9999,
36,New York,031,Essex County,64529,St. Armand town,65233,Saranac Lake village,9999,
36,New York,031,Essex County,64529,St. Armand town,99999,,9999,
36,New York,031,Essex County,65629,Schroon town,99999,,9999,
36,New York,031,Essex County,73891,Ticonderoga town,99999,,9999,
36,New York,031,Essex County,80775,Westport town,99999,,9999,
36,New York,031,Essex County,82271,Willsboro town,99999,,9999,
36,New York,031,Essex County,82315,Wilmington town,99999,,9999,
36,New York,033,Franklin County,04319,Bangor town,99999,,9999,
36,New York,033,Franklin County,05716,Bellmont town,99999,,9999,
36,New York,033,Franklin County,07278,Bombay town,99999,,9999,
36,New York,033,Franklin County,07839,Brandon town,99999,,9999,
36,New York,033,Franklin County,08213,Brighton town,99999,,9999,
36,New York,033,Franklin County,11165,Burke town,11154,Burke village,9999,
36,New York,033,Franklin County,11165,Burke town,99999,,9999,
36,New York,033,Franklin County,13992,Chateaugay town,13981,Chateaugay village,9999,
36,New York,033,Franklin County,13992,Chateaugay town,99999,,9999,
36,New York,033,Franklin County,17871,Constable town,99999,,9999,
36,New York,033,Franklin County,20610,Dickinson town,99999,,9999,
36,New York,033,Franklin County,20973,Duane town,99999,,9999,
36,New York,033,Franklin County,26737,Fort Covington town,99999,,9999,
36,New York,033,Franklin County,27243,Franklin town,99999,,9999,
36,New York,033,Franklin County,32314,Harrietstown town,65233,Saranac Lake village,9999,
36,New York,033,Franklin County,32314,Harrietstown town,99999,,9999,
36,New York,033,Franklin County,44721,Malone town,44710,Malone village,9999,
36,New York,033,Franklin County,44721,Malone town,99999,,9999,
36,New York,033,Franklin County,47933,Moira town,10286,Brushton village,9999,
36,New York,033,Franklin County,47933,Moira town,99999,,9999,
36,New York,033,Franklin County,65178,Santa Clara town,99999,,9999,
36,New York,033,Franklin County,75676,Tupper Lake town,75671,Tupper Lake village,9999,
36,New York,033,Franklin County,75676,Tupper Lake town,99999,,9999,
36,New York,033,Franklin County,78795,Waverly town,99999,,9999,
36,New York,033,Franklin County,81215,Westville town,99999,,9999,
36,New York,033,Franklin County,99999,,99999,,3320,St. Regis Mohawk Reservation
36,New York,035,Fulton County,06882,Bleecker town,99999,,9999,
36,New York,035,Fulton County,08433,Broadalbin town,08422,Broadalbin village,9999,
36,New York,035,Fulton County,08433,Broadalbin town,99999,,9999,
36,New York,035,Fulton County,12573,Caroga town,99999,,9999,
36,New York,035,Fulton County,24603,Ephratah town,99999,,9999,
36,New York,035,Fulton County,38792,Johnstown town,99999,,9999,
36,New York,035,Fulton County,46217,Mayfield town,08422,Broadalbin village,9999,
36,New York,035,Fulton County,46217,Mayfield town,46206,Mayfield village,9999,
36,New York,035,Fulton County,46217,Mayfield town,99999,,9999,
36,New York,035,Fulton County,51407,Northampton town,53770,Northville village,9999,
36,New York,035,Fulton County,51407,Northampton town,99999,,9999,
36,New York,035,Fulton County,55101,Oppenheim town,20731,Dolgeville village,9999,
36,New York,035,Fulton County,55101,Oppenheim town,99999,,9999,
36,New York,035,Fulton County,57353,Perth town,99999,,9999,
36,New York,035,Fulton County,71784,Stratford town,99999,,9999,
36,New York,035,Fulton County,99999,,29443,Gloversville city,9999,
36,New York,035,Fulton County,99999,,38781,Johnstown city,9999,
36,New York,037,Genesee County,00474,Alabama town,99999,,9999,
36,New York,037,Genesee County,01165,Alexander town,01154,Alexander village,9999,
36,New York,037,Genesee County,01165,Alexander town,03001,Attica village,9999,
36,New York,037,Genesee County,01165,Alexander town,99999,,9999,
36,New York,037,Genesee County,04726,Batavia town,99999,,9999,
36,New York,037,Genesee County,06057,Bergen town,06046,Bergen village,9999,
36,New York,037,Genesee County,06057,Bergen town,99999,,9999,
36,New York,037,Genesee County,06266,Bethany town,99999,,9999,
36,New York,037,Genesee County,11572,Byron town,99999,,9999,
36,New York,037,Genesee County,19719,Darien town,18201,Corfu village,9999,
36,New York,037,Genesee County,19719,Darien town,99999,,9999,
36,New York,037,Genesee County,23756,Elba town,23745,Elba village,9999,
36,New York,037,Genesee County,23756,Elba town,99999,,9999,
36,New York,037,Genesee County,42037,Le Roy town,42026,Le Roy village,9999,
36,New York,037,Genesee County,42037,Le Roy town,99999,,9999,
36,New York,037,Genesee County,54166,Oakfield town,54155,Oakfield village,9999,
36,New York,037,Genesee County,54166,Oakfield town,99999,,9999,
36,New York,037,Genesee County,56792,Pavilion town,99999,,9999,
36,New York,037,Genesee County,57078,Pembroke town,18201,Corfu village,9999,
36,New York,037,Genesee County,57078,Pembroke town,99999,,9999,
36,New York,037,Genesee County,70607,Stafford town,99999,,9999,
36,New York,037,Genesee County,99999,,04715,Batavia city,9999,
36,New York,037,Genesee County,99999,,99999,,4225,Tonawanda Reservation
36,New York,039,Greene County,02803,Ashland town,99999,,9999,
36,New York,039,Greene County,02913,Athens town,02902,Athens village,9999,
36,New York,039,Greene County,02913,Athens town,99999,,9999,
36,New York,039,Greene County,11649,Cairo town,99999,,9999,
36,New York,039,Greene County,13013,Catskill town,13002,Catskill village,9999,
36,New York,039,Greene County,13013,Catskill town,99999,,9999,
36,New York,039,Greene County,18729,Coxsackie town,18718,Coxsackie village,9999,
36,New York,039,Greene County,18729,Coxsackie town,99999,,9999,
36,New York,039,Greene County,21204,Durham town,99999,,9999,
36,New York,039,Greene County,30620,Greenville town,99999,,9999,
36,New York,039,Greene County,31379,Halcott town,99999,,9999,
36,New York,039,Greene County,36178,Hunter town,36167,Hunter village,9999,
36,New York,039,Greene County,36178,Hunter town,73143,Tannersville village,9999,
36,New York,039,Greene County,36178,Hunter town,99999,,9999,
36,New York,039,Greene County,38638,Jewett town,36167,Hunter village,9999,
36,New York,039,Greene County,38638,Jewett town,99999,,9999,
36,New York,039,Greene County,42202,Lexington town,99999,,9999,
36,New York,039,Greene County,49935,New Baltimore town,99999,,9999,
36,New York,039,Greene County,59751,Prattsville town,99999,,9999,
36,New York,039,Greene County,82480,Windham town,99999,,9999,
36,New York,041,Hamilton County,02572,Arietta town,99999,,9999,
36,New York,041,Hamilton County,05958,Benson town,99999,,9999,
36,New York,041,Hamilton County,35496,Hope town,99999,,9999,
36,New York,041,Hamilton County,37374,Indian Lake town,99999,,9999,
36,New York,041,Hamilton County,37495,Inlet town,99999,,9999,
36,New York,041,Hamilton County,40794,Lake Pleasant town,70123,Speculator village,9999,
36,New York,041,Hamilton County,40794,Lake Pleasant town,99999,,9999,
36,New York,041,Hamilton County,43412,Long Lake town,99999,,9999,
36,New York,041,Hamilton County,48340,Morehouse town,99999,,9999,
36,New York,041,Hamilton County,79059,Wells town,99999,,9999,
36,New York,043,Herkimer County,17431,Columbia town,99999,,9999,
36,New York,043,Herkimer County,19686,Danube town,99999,,9999,
36,New York,043,Herkimer County,24933,Fairfield town,47108,Middleville village,9999,
36,New York,043,Herkimer County,24933,Fairfield town,99999,,9999,
36,New York,043,Herkimer County,27199,Frankfort town,27188,Frankfort village,9999,
36,New York,043,Herkimer County,27199,Frankfort town,37275,Ilion village,9999,
36,New York,043,Herkimer County,27199,Frankfort town,99999,,9999,
36,New York,043,Herkimer County,28750,German Flatts town,37275,Ilion village,9999,
36,New York,043,Herkimer County,28750,German Flatts town,47823,Mohawk village,9999,
36,New York,043,Herkimer County,28750,German Flatts town,99999,,9999,
36,New York,043,Herkimer County,34132,Herkimer town,34121,Herkimer village,9999,
36,New York,043,Herkimer County,34132,Herkimer town,99999,,9999,
36,New York,043,Herkimer County,42664,Litchfield town,99999,,9999,
36,New York,043,Herkimer County,42752,Little Falls town,99999,,9999,
36,New York,043,Herkimer County,44974,Manheim town,20731,Dolgeville village,9999,
36,New York,043,Herkimer County,44974,Manheim town,99999,,9999,
36,New York,043,Herkimer County,50584,Newport town,47108,Middleville village,9999,
36,New York,043,Herkimer County,50584,Newport town,50573,Newport village,9999,
36,New York,043,Herkimer County,50584,Newport town,58937,Poland village,9999,
36,New York,043,Herkimer County,50584,Newport town,99999,,9999,
36,New York,043,Herkimer County,53968,Norway town,99999,,9999,
36,New York,043,Herkimer County,54507,Ohio town,99999,,9999,
36,New York,043,Herkimer County,64254,Russia town,16815,Cold Brook village,9999,
36,New York,043,Herkimer County,64254,Russia town,58937,Poland village,9999,
36,New York,043,Herkimer County,64254,Russia town,99999,,9999,
36,New York,043,Herkimer County,64837,Salisbury town,99999,,9999,
36,New York,043,Herkimer County,65695,Schuyler town,99999,,9999,
36,New York,043,Herkimer County,70794,Stark town,99999,,9999,
36,New York,043,Herkimer County,78278,Warren town,99999,,9999,
36,New York,043,Herkimer County,78927,Webb town,99999,,9999,
36,New York,043,Herkimer County,82568,Winfield town,81292,West Winfield village,9999,
36,New York,043,Herkimer County,82568,Winfield town,99999,,9999,
36,New York,043,Herkimer County,99999,,42741,Little Falls city,9999,
36,New York,045,Jefferson County,00210,Adams town,00199,Adams village,9999,
36,New York,045,Jefferson County,00210,Adams town,99999,,9999,
36,New York,045,Jefferson County,01176,Alexandria town,01187,Alexandria Bay village,9999,
36,New York,045,Jefferson County,01176,Alexandria town,99999,,9999,
36,New York,045,Jefferson County,02297,Antwerp town,02286,Antwerp village,9999,
36,New York,045,Jefferson County,02297,Antwerp town,99999,,9999,
36,New York,045,Jefferson County,10242,Brownville town,10231,Brownville village,9999,
36,New York,045,Jefferson County,10242,Brownville town,20500,Dexter village,9999,
36,New York,045,Jefferson County,10242,Brownville town,29322,Glen Park village,9999,
36,New York,045,Jefferson County,10242,Brownville town,99999,,9999,
36,New York,045,Jefferson County,12364,Cape Vincent town,12353,Cape Vincent village,9999,
36,New York,045,Jefferson County,12364,Cape Vincent town,99999,,9999,
36,New York,045,Jefferson County,13717,Champion town,79499,West Carthage village,9999,
36,New York,045,Jefferson County,13717,Champion town,99999,,9999,
36,New York,045,Jefferson County,16100,Clayton town,16089,Clayton village,9999,
36,New York,045,Jefferson County,16100,Clayton town,99999,,9999,
36,New York,045,Jefferson County,24086,Ellisburg town,24075,Ellisburg village,9999,
36,New York,045,Jefferson County,24086,Ellisburg town,45073,Mannsville village,9999,
36,New York,045,Jefferson County,24086,Ellisburg town,99999,,9999,
36,New York,045,Jefferson County,34055,Henderson town,99999,,9999,
36,New York,045,Jefferson County,35782,Hounsfield town,64408,Sackets Harbor village,9999,
36,New York,045,Jefferson County,35782,Hounsfield town,99999,,9999,
36,New York,045,Jefferson County,42015,Le Ray town,06794,Black River village,9999,
36,New York,045,Jefferson County,42015,Le Ray town,24823,Evans Mills village,9999,
36,New York,045,Jefferson County,42015,Le Ray town,99999,,9999,
36,New York,045,Jefferson County,43544,Lorraine town,99999,,9999,
36,New York,045,Jefferson County,43863,Lyme town,14036,Chaumont village,9999,
36,New York,045,Jefferson County,43863,Lyme town,99999,,9999,
36,New York,045,Jefferson County,55398,Orleans town,99999,,9999,
36,New York,045,Jefferson County,56209,Pamelia town,29322,Glen Park village,9999,
36,New York,045,Jefferson County,56209,Pamelia town,99999,,9999,
36,New York,045,Jefferson County,57562,Philadelphia town,57551,Philadelphia village,9999,
36,New York,045,Jefferson County,57562,Philadelphia town,99999,,9999,
36,New York,045,Jefferson County,63341,Rodman town,99999,,9999,
36,New York,045,Jefferson County,64265,Rutland town,06794,Black River village,9999,
36,New York,045,Jefferson County,64265,Rutland town,99999,,9999,
36,New York,045,Jefferson County,73528,Theresa town,73517,Theresa village,9999,
36,New York,045,Jefferson County,73528,Theresa town,99999,,9999,
36,New York,045,Jefferson County,78619,Watertown town,99999,,9999,
36,New York,045,Jefferson County,82348,Wilna town,12683,Carthage village,9999,
36,New York,045,Jefferson County,82348,Wilna town,19994,Deferiet village,9999,
36,New York,045,Jefferson County,82348,Wilna town,99999,,9999,
36,New York,045,Jefferson County,83162,Worth town,99999,,9999,
36,New York,045,Jefferson County,99999,,78608,Watertown city,9999,
36,New York,045,Jefferson County,99999,,99999,,9999,
36,New York,047,Kings County,99999,,51000,New York city,9999,
36,New York,049,Lewis County,19081,Croghan town,19070,Croghan village,9999,
36,New York,049,Lewis County,19081,Croghan town,99999,,9999,
36,New York,049,Lewis County,20214,Denmark town,12881,Castorland village,9999,
36,New York,049,Lewis County,20214,Denmark town,18135,Copenhagen village,9999,
36,New York,049,Lewis County,20214,Denmark town,99999,,9999,
36,New York,049,Lewis County,20555,Diana town,99999,,9999,
36,New York,049,Lewis County,30796,Greig town,99999,,9999,
36,New York,049,Lewis County,32358,Harrisburg town,99999,,9999,
36,New York,049,Lewis County,42125,Lewis town,99999,,9999,
36,New York,049,Lewis County,42213,Leyden town,59454,Port Leyden village,9999,
36,New York,049,Lewis County,42213,Leyden town,99999,,9999,
36,New York,049,Lewis County,43731,Lowville town,43720,Lowville village,9999,
36,New York,049,Lewis County,43731,Lowville town,99999,,9999,
36,New York,049,Lewis County,43995,Lyonsdale town,44006,Lyons Falls village,9999,
36,New York,049,Lewis County,43995,Lyonsdale town,59454,Port Leyden village,9999,
36,New York,049,Lewis County,43995,Lyonsdale town,99999,,9999,
36,New York,049,Lewis County,45854,Martinsburg town,99999,,9999,
36,New York,049,Lewis County,48032,Montague town,99999,,9999,
36,New York,049,Lewis County,50001,New Bremen town,19070,Croghan village,9999,
36,New York,049,Lewis County,50001,New Bremen town,99999,,9999,
36,New York,049,Lewis County,55497,Osceola town,99999,,9999,
36,New York,049,Lewis County,57925,Pinckney town,99999,,9999,
36,New York,049,Lewis County,75693,Turin town,75682,Turin village,9999,
36,New York,049,Lewis County,75693,Turin town,99999,,9999,
36,New York,049,Lewis County,78729,Watson town,99999,,9999,
36,New York,049,Lewis County,81094,West Turin town,17882,Constableville village,9999,
36,New York,049,Lewis County,81094,West Turin town,44006,Lyons Falls village,9999,
36,New York,049,Lewis County,81094,West Turin town,99999,,9999,
36,New York,051,Livingston County,03364,Avon town,03353,Avon village,9999,
36,New York,051,Livingston County,03364,Avon town,99999,,9999,
36,New York,051,Livingston County,11715,Caledonia town,11704,Caledonia village,9999,
36,New York,051,Livingston County,11715,Caledonia town,99999,,9999,
36,New York,051,Livingston County,17618,Conesus town,99999,,9999,
36,New York,051,Livingston County,28629,Geneseo town,28618,Geneseo village,9999,
36,New York,051,Livingston County,28629,Geneseo town,99999,,9999,
36,New York,051,Livingston County,31016,Groveland town,99999,,9999,
36,New York,051,Livingston County,41883,Leicester town,41872,Leicester village,9999,
36,New York,051,Livingston County,41883,Leicester town,99999,,9999,
36,New York,051,Livingston County,42334,Lima town,42323,Lima village,9999,
36,New York,051,Livingston County,42334,Lima town,99999,,9999,
36,New York,051,Livingston County,42961,Livonia town,42950,Livonia village,9999,
36,New York,051,Livingston County,42961,Livonia town,99999,,9999,
36,New York,051,Livingston County,48956,Mount Morris town,48945,Mount Morris village,9999,
36,New York,051,Livingston County,48956,Mount Morris town,99999,,9999,
36,New York,051,Livingston County,51869,North Dansville town,19664,Dansville village,9999,
36,New York,051,Livingston County,51869,North Dansville town,99999,,9999,
36,New York,051,Livingston County,54089,Nunda town,54078,Nunda village,9999,
36,New York,051,Livingston County,54089,Nunda town,99999,,9999,
36,New York,051,Livingston County,55508,Ossian town,99999,,9999,
36,New York,051,Livingston County,59179,Portage town,99999,,9999,
36,New York,051,Livingston County,70101,Sparta town,19664,Dansville village,9999,
36,New York,051,Livingston County,70101,Sparta town,99999,,9999,
36,New York,051,Livingston County,70475,Springwater town,99999,,9999,
36,New York,051,Livingston County,81006,West Sparta town,99999,,9999,
36,New York,051,Livingston County,84022,York town,99999,,9999,
36,New York,053,Madison County,08587,Brookfield town,99999,,9999,
36,New York,053,Madison County,13156,Cazenovia town,13145,Cazenovia village,2555,Oneida Indian Nation Reservation
36,New York,053,Madison County,13156,Cazenovia town,13145,Cazenovia village,9999,
36,New York,053,Madison County,13156,Cazenovia town,99999,,2555,Oneida Indian Nation Reservation
36,New York,053,Madison County,13156,Cazenovia town,99999,,9999,
36,New York,053,Madison County,20401,DeRuyter town,20390,DeRuyter village,9999,
36,New York,053,Madison County,20401,DeRuyter town,99999,,9999,
36,New York,053,Madison County,23305,Eaton town,31709,Hamilton village,9999,
36,New York,053,Madison County,23305,Eaton town,48593,Morrisville village,9999,
36,New York,053,Madison County,23305,Eaton town,99999,,9999,
36,New York,053,Madison County,25593,Fenner town,99999,,2555,Oneida Indian Nation Reservation
36,New York,053,Madison County,28695,Georgetown town,99999,,9999,
36,New York,053,Madison County,31720,Hamilton town,21523,Earlville village,9999,
36,New York,053,Madison County,31720,Hamilton town,31709,Hamilton village,9999,
36,New York,053,Madison County,31720,Hamilton town,99999,,9999,
36,New York,053,Madison County,41674,Lebanon town,99999,,9999,
36,New York,053,Madison County,41905,Lenox town,12188,Canastota village,2555,Oneida Indian Nation Reservation
36,New York,053,Madison County,41905,Lenox town,78113,Wampsville village,2555,Oneida Indian Nation Reservation
36,New York,053,Madison County,41905,Lenox town,99999,,2555,Oneida Indian Nation Reservation
36,New York,053,Madison County,42422,Lincoln town,99999,,2555,Oneida Indian Nation Reservation
36,New York,053,Madison County,44435,Madison town,31709,Hamilton village,9999,
36,New York,053,Madison County,44435,Madison town,44424,Madison village,9999,
36,New York,053,Madison County,44435,Madison town,99999,,9999,
36,New York,053,Madison County,49770,Nelson town,99999,,9999,
36,New York,053,Madison County,67785,Smithfield town,99999,,2555,Oneida Indian Nation Reservation
36,New York,053,Madison County,71399,Stockbridge town,49220,Munnsville village,2555,Oneida Indian Nation Reservation
36,New York,053,Madison County,71399,Stockbridge town,99999,,2555,Oneida Indian Nation Reservation
36,New York,053,Madison County,71993,Sullivan town,15561,Chittenango village,2555,Oneida Indian Nation Reservation
36,New York,053,Madison County,71993,Sullivan town,99999,,2555,Oneida Indian Nation Reservation
36,New York,053,Madison County,99999,,54837,Oneida city,2555,Oneida Indian Nation Reservation
36,New York,055,Monroe County,08246,Brighton town,99999,,9999,
36,New York,055,Monroe County,15462,Chili town,99999,,9999,
36,New York,055,Monroe County,15957,Clarkson town,08466,Brockport village,9999,
36,New York,055,Monroe County,15957,Clarkson town,99999,,9999,
36,New York,055,Monroe County,28442,Gates town,99999,,9999,
36,New York,055,Monroe County,30290,Greece town,99999,,9999,
36,New York,055,Monroe County,31797,Hamlin town,99999,,9999,
36,New York,055,Monroe County,34099,Henrietta town,99999,,9999,
36,New York,055,Monroe County,37726,Irondequoit town,99999,,9999,
36,New York,055,Monroe County,46558,Mendon town,35364,Honeoye Falls village,9999,
36,New York,055,Monroe County,46558,Mendon town,99999,,9999,
36,New York,055,Monroe County,54474,Ogden town,70189,Spencerport village,9999,
36,New York,055,Monroe County,54474,Ogden town,99999,,9999,
36,New York,055,Monroe County,56561,Parma town,34847,Hilton village,9999,
36,New York,055,Monroe County,56561,Parma town,99999,,9999,
36,New York,055,Monroe County,57144,Penfield town,99999,,9999,
36,New York,055,Monroe County,57221,Perinton town,25076,Fairport village,9999,
36,New York,055,Monroe County,57221,Perinton town,99999,,9999,
36,New York,055,Monroe County,58365,Pittsford town,58354,Pittsford village,9999,
36,New York,055,Monroe County,58365,Pittsford town,99999,,9999,
36,New York,055,Monroe County,61808,Riga town,15638,Churchville village,9999,
36,New York,055,Monroe County,61808,Riga town,99999,,9999,
36,New York,055,Monroe County,64144,Rush town,99999,,9999,
36,New York,055,Monroe County,72455,Sweden town,08466,Brockport village,9999,
36,New York,055,Monroe County,72455,Sweden town,99999,,9999,
36,New York,055,Monroe County,78971,Webster town,78960,Webster village,9999,
36,New York,055,Monroe County,78971,Webster town,99999,,9999,
36,New York,055,Monroe County,81402,Wheatland town,65959,Scottsville village,9999,
36,New York,055,Monroe County,81402,Wheatland town,99999,,9999,
36,New York,055,Monroe County,99999,,22865,East Rochester village,9999,
36,New York,055,Monroe County,99999,,63000,Rochester city,9999,
36,New York,055,Monroe County,99999,,99999,,9999,
36,New York,057,Montgomery County,02077,Amsterdam town,26880,Fort Johnson village,9999,
36,New York,057,Montgomery County,02077,Amsterdam town,31291,Hagaman village,9999,
36,New York,057,Montgomery County,02077,Amsterdam town,99999,,9999,
36,New York,057,Montgomery County,12122,Canajoharie town,01737,Ames village,9999,
36,New York,057,Montgomery County,12122,Canajoharie town,12111,Canajoharie village,9999,
36,New York,057,Montgomery County,12122,Canajoharie town,26924,Fort Plain village,9999,
36,New York,057,Montgomery County,12122,Canajoharie town,99999,,9999,
36,New York,057,Montgomery County,13816,Charleston town,99999,,9999,
36,New York,057,Montgomery County,26308,Florida town,99999,,9999,
36,New York,057,Montgomery County,29047,Glen town,27859,Fultonville village,9999,
36,New York,057,Montgomery County,29047,Glen town,99999,,9999,
36,New York,057,Montgomery County,47614,Minden town,26924,Fort Plain village,9999,
36,New York,057,Montgomery County,47614,Minden town,99999,,9999,
36,New York,057,Montgomery County,47834,Mohawk town,26462,Fonda village,9999,
36,New York,057,Montgomery County,47834,Mohawk town,99999,,9999,
36,New York,057,Montgomery County,56099,Palatine town,49748,Nelliston village,9999,
36,New York,057,Montgomery County,56099,Palatine town,56110,Palatine Bridge village,9999,
36,New York,057,Montgomery County,56099,Palatine town,99999,,9999,
36,New York,057,Montgomery County,63561,Root town,99999,,9999,
36,New York,057,Montgomery County,64650,St. Johnsville town,64639,St. Johnsville village,9999,
36,New York,057,Montgomery County,64650,St. Johnsville town,99999,,9999,
36,New York,057,Montgomery County,99999,,02066,Amsterdam city,9999,
36,New York,059,Nassau County,34000,Hempstead town,02968,Atlantic Beach village,9999,
36,New York,059,Nassau County,34000,Hempstead town,05639,Bellerose village,9999,
36,New York,059,Nassau County,34000,Hempstead town,13233,Cedarhurst village,9999,
36,New York,059,Nassau County,34000,Hempstead town,22876,East Rockaway village,9999,
36,New York,059,Nassau County,34000,Hempstead town,26264,Floral Park village,9999,
36,New York,059,Nassau County,34000,Hempstead town,27485,Freeport village,9999,
36,New York,059,Nassau County,34000,Hempstead town,28178,Garden City village,9999,
36,New York,059,Nassau County,34000,Hempstead town,33139,Hempstead village,9999,
36,New York,059,Nassau County,34000,Hempstead town,34297,Hewlett Bay Park village,9999,
36,New York,059,Nassau County,34000,Hempstead town,34308,Hewlett Harbor village,9999,
36,New York,059,Nassau County,34000,Hempstead town,34319,Hewlett Neck village,9999,
36,New York,059,Nassau County,34000,Hempstead town,37847,Island Park village,9999,
36,New York,059,Nassau County,34000,Hempstead town,41553,Lawrence village,9999,
36,New York,059,Nassau County,34000,Hempstead town,43874,Lynbrook village,9999,
36,New York,059,Nassau County,34000,Hempstead town,44787,Malverne village,9999,
36,New York,059,Nassau County,34000,Hempstead town,50397,New Hyde Park village,9999,
36,New York,059,Nassau County,34000,Hempstead town,63264,Rockville Centre village,9999,
36,New York,059,Nassau County,34000,Hempstead town,69023,South Floral Park village,9999,
36,New York,059,Nassau County,34000,Hempstead town,71267,Stewart Manor village,9999,
36,New York,059,Nassau County,34000,Hempstead town,76705,Valley Stream village,9999,
36,New York,059,Nassau County,34000,Hempstead town,82986,Woodsburgh village,9999,
36,New York,059,Nassau County,34000,Hempstead town,99999,,9999,
36,New York,059,Nassau County,53000,North Hempstead town,04803,Baxter Estates village,9999,
36,New York,059,Nassau County,53000,North Hempstead town,22260,East Hills village,9999,
36,New York,059,Nassau County,53000,North Hempstead town,23217,East Williston village,9999,
36,New York,059,Nassau County,53000,North Hempstead town,26264,Floral Park village,9999,
36,New York,059,Nassau County,53000,North Hempstead town,26352,Flower Hill village,9999,
36,New York,059,Nassau County,53000,North Hempstead town,28178,Garden City village,9999,
36,New York,059,Nassau County,53000,North Hempstead town,30169,Great Neck village,9999,
36,New York,059,Nassau County,53000,North Hempstead town,30191,Great Neck Estates village,9999,
36,New York,059,Nassau County,53000,North Hempstead town,30213,Great Neck Plaza village,9999,
36,New York,059,Nassau County,53000,North Hempstead town,39309,Kensington village,9999,
36,New York,059,Nassau County,53000,North Hempstead town,39694,Kings Point village,9999,
36,New York,059,Nassau County,53000,North Hempstead town,40937,Lake Success village,9999,
36,New York,059,Nassau County,53000,North Hempstead town,45106,Manorhaven village,9999,
36,New York,059,Nassau County,53000,North Hempstead town,47636,Mineola village,9999,
36,New York,059,Nassau County,53000,North Hempstead town,49231,Munsey Park village,9999,
36,New York,059,Nassau County,53000,North Hempstead town,50397,New Hyde Park village,9999,
36,New York,059,Nassau County,53000,North Hempstead town,53022,North Hills village,9999,
36,New York,059,Nassau County,53000,North Hempstead town,54705,Old Westbury village,9999,
36,New York,059,Nassau County,53000,North Hempstead town,58475,Plandome village,9999,
36,New York,059,Nassau County,53000,North Hempstead town,58486,Plandome Heights village,9999,
36,New York,059,Nassau County,53000,North Hempstead town,58497,Plandome Manor village,9999,
36,New York,059,Nassau County,53000,North Hempstead town,59531,Port Washington North village,9999,
36,New York,059,Nassau County,53000,North Hempstead town,63770,Roslyn village,9999,
36,New York,059,Nassau County,53000,North Hempstead town,63792,Roslyn Estates village,9999,
36,New York,059,Nassau County,53000,North Hempstead town,63803,Roslyn Harbor village,9999,
36,New York,059,Nassau County,53000,North Hempstead town,64232,Russell Gardens village,9999,
36,New York,059,Nassau County,53000,North Hempstead town,64430,Saddle Rock village,9999,
36,New York,059,Nassau County,53000,North Hempstead town,65035,Sands Point village,9999,
36,New York,059,Nassau County,53000,North Hempstead town,73605,Thomaston village,9999,
36,New York,059,Nassau County,53000,North Hempstead town,79444,Westbury village,9999,
36,New York,059,Nassau County,53000,North Hempstead town,82117,Williston Park village,9999,
36,New York,059,Nassau County,53000,North Hempstead town,99999,,9999,
36,New York,059,Nassau County,56000,Oyster Bay town,05034,Bayville village,9999,
36,New York,059,Nassau County,56000,Oyster Bay town,10132,Brookville village,9999,
36,New York,059,Nassau County,56000,Oyster Bay town,13618,Centre Island village,9999,
36,New York,059,Nassau County,56000,Oyster Bay town,18597,Cove Neck village,9999,
36,New York,059,Nassau County,56000,Oyster Bay town,22260,East Hills village,9999,
36,New York,059,Nassau County,56000,Oyster Bay town,25384,Farmingdale village,9999,
36,New York,059,Nassau County,56000,Oyster Bay town,41432,Lattingtown village,9999,
36,New York,059,Nassau County,56000,Oyster Bay town,41487,Laurel Hollow village,9999,
36,New York,059,Nassau County,56000,Oyster Bay town,45997,Massapequa Park village,9999,
36,New York,059,Nassau County,56000,Oyster Bay town,46107,Matinecock village,9999,
36,New York,059,Nassau County,56000,Oyster Bay town,47405,Mill Neck village,9999,
36,New York,059,Nassau County,56000,Oyster Bay town,49330,Muttontown village,9999,
36,New York,059,Nassau County,56000,Oyster Bay town,54562,Old Brookville village,9999,
36,New York,059,Nassau County,56000,Oyster Bay town,54705,Old Westbury village,9999,
36,New York,059,Nassau County,56000,Oyster Bay town,56011,Oyster Bay Cove village,9999,
36,New York,059,Nassau County,56000,Oyster Bay town,63803,Roslyn Harbor village,9999,
36,New York,059,Nassau County,56000,Oyster Bay town,66047,Sea Cliff village,9999,
36,New York,059,Nassau County,56000,Oyster Bay town,76331,Upper Brookville village,9999,
36,New York,059,Nassau County,56000,Oyster Bay town,99999,,9999,
36,New York,059,Nassau County,99999,,29113,Glen Cove city,9999,
36,New York,059,Nassau County,99999,,43335,Long Beach city,9999,
36,New York,061,New York County,99999,,51000,New York city,9999,
36,New York,063,Niagara County,11803,Cambria town,99999,,9999,
36,New York,063,Niagara County,32490,Hartland town,46998,Middleport village,9999,
36,New York,063,Niagara County,32490,Hartland town,99999,,9999,
36,New York,063,Niagara County,42158,Lewiston town,42147,Lewiston village,9999,
36,New York,063,Niagara County,42158,Lewiston town,99999,,9999,
36,New York,063,Niagara County,43093,Lockport town,99999,,9999,
36,New York,063,Niagara County,50232,Newfane town,99999,,9999,
36,New York,063,Niagara County,51033,Niagara town,99999,,9999,
36,New York,063,Niagara County,57111,Pendleton town,99999,,9999,
36,New York,063,Niagara County,59267,Porter town,84143,Youngstown village,9999,
36,New York,063,Niagara County,59267,Porter town,99999,,9999,
36,New York,063,Niagara County,64034,Royalton town,46998,Middleport village,9999,
36,New York,063,Niagara County,64034,Royalton town,99999,,9999,
36,New York,063,Niagara County,68330,Somerset town,04440,Barker village,9999,
36,New York,063,Niagara County,68330,Somerset town,99999,,9999,
36,New York,063,Niagara County,81380,Wheatfield town,99999,,9999,
36,New York,063,Niagara County,82370,Wilson town,82359,Wilson village,9999,
36,New York,063,Niagara County,82370,Wilson town,99999,,9999,
36,New York,063,Niagara County,99999,,43082,Lockport city,9999,
36,New York,063,Niagara County,99999,,51055,Niagara Falls city,9999,
36,New York,063,Niagara County,99999,,53682,North Tonawanda city,9999,
36,New York,063,Niagara County,99999,,99999,,4225,Tonawanda Reservation
36,New York,063,Niagara County,99999,,99999,,4360,Tuscarora Nation Reservation
36,New York,063,Niagara County,99999,,99999,,9999,
36,New York,065,Oneida County,02253,Annsville town,99999,,2555,Oneida Indian Nation Reservation
36,New York,065,Oneida County,02253,Annsville town,99999,,9999,
36,New York,065,Oneida County,03155,Augusta town,55376,Oriskany Falls village,2555,Oneida Indian Nation Reservation
36,New York,065,Oneida County,03155,Augusta town,99999,,2555,Oneida Indian Nation Reservation
36,New York,065,Oneida County,03309,Ava town,99999,,2555,Oneida Indian Nation Reservation
36,New York,065,Oneida County,03309,Ava town,99999,,9999,
36,New York,065,Oneida County,07366,Boonville town,07355,Boonville village,9999,
36,New York,065,Oneida County,07366,Boonville town,99999,,9999,
36,New York,065,Oneida County,08180,Bridgewater town,99999,,9999,
36,New York,065,Oneida County,11858,Camden town,11847,Camden village,9999,
36,New York,065,Oneida County,11858,Camden town,99999,,9999,
36,New York,065,Oneida County,19928,Deerfield town,99999,,9999,
36,New York,065,Oneida County,26297,Florence town,99999,,9999,
36,New York,065,Oneida County,26385,Floyd town,99999,,9999,
36,New York,065,Oneida County,26627,Forestport town,99999,,9999,
36,New York,065,Oneida County,39804,Kirkland town,16419,Clinton village,9999,
36,New York,065,Oneida County,39804,Kirkland town,99999,,9999,
36,New York,065,Oneida County,41762,Lee town,99999,,2555,Oneida Indian Nation Reservation
36,New York,065,Oneida County,41762,Lee town,99999,,9999,
36,New York,065,Oneida County,45535,Marcy town,99999,,9999,
36,New York,065,Oneida County,45755,Marshall town,78663,Waterville village,9999,
36,New York,065,Oneida County,45755,Marshall town,99999,,9999,
36,New York,065,Oneida County,50309,New Hartford town,50298,New Hartford village,9999,
36,New York,065,Oneida County,50309,New Hartford town,51011,New York Mills village,9999,
36,New York,065,Oneida County,50309,New Hartford town,99999,,9999,
36,New York,065,Oneida County,56330,Paris town,16111,Clayville village,9999,
36,New York,065,Oneida County,56330,Paris town,99999,,9999,
36,New York,065,Oneida County,61126,Remsen town,61115,Remsen village,9999,
36,New York,065,Oneida County,61126,Remsen town,99999,,9999,
36,New York,065,Oneida County,65134,Sangerfield town,78663,Waterville village,9999,
36,New York,065,Oneida County,65134,Sangerfield town,99999,,9999,
36,New York,065,Oneida County,71212,Steuben town,99999,,9999,
36,New York,065,Oneida County,75280,Trenton town,35144,Holland Patent village,9999,
36,New York,065,Oneida County,75280,Trenton town,61115,Remsen village,9999,
36,New York,065,Oneida County,75280,Trenton town,99999,,9999,
36,New York,065,Oneida County,77123,Vernon town,54848,Oneida Castle village,2555,Oneida Indian Nation Reservation
36,New York,065,Oneida County,77123,Vernon town,66993,Sherrill city,2555,Oneida Indian Nation Reservation
36,New York,065,Oneida County,77123,Vernon town,77112,Vernon village,2555,Oneida Indian Nation Reservation
36,New York,065,Oneida County,77123,Vernon town,99999,,2555,Oneida Indian Nation Reservation
36,New York,065,Oneida County,77123,Vernon town,99999,,9999,
36,New York,065,Oneida County,77178,Verona town,99999,,2555,Oneida Indian Nation Reservation
36,New York,065,Oneida County,77486,Vienna town,72521,Sylvan Beach village,2555,Oneida Indian Nation Reservation
36,New York,065,Oneida County,77486,Vienna town,72521,Sylvan Beach village,9999,
36,New York,065,Oneida County,77486,Vienna town,99999,,2555,Oneida Indian Nation Reservation
36,New York,065,Oneida County,77486,Vienna town,99999,,9999,
36,New York,065,Oneida County,79862,Western town,99999,,9999,
36,New York,065,Oneida County,80533,Westmoreland town,99999,,2555,Oneida Indian Nation Reservation
36,New York,065,Oneida County,80533,Westmoreland town,99999,,9999,
36,New York,065,Oneida County,81754,Whitestown town,51011,New York Mills village,9999,
36,New York,065,Oneida County,81754,Whitestown town,55365,Oriskany village,9999,
36,New York,065,Oneida County,81754,Whitestown town,81710,Whitesboro village,9999,
36,New York,065,Oneida County,81754,Whitestown town,84099,Yorkville village,9999,
36,New York,065,Oneida County,81754,Whitestown town,99999,,9999,
36,New York,065,Oneida County,99999,,63418,Rome city,2555,Oneida Indian Nation Reservation
36,New York,065,Oneida County,99999,,63418,Rome city,9999,
36,New York,065,Oneida County,99999,,76540,Utica city,9999,
36,New York,067,Onondaga County,11913,Camillus town,11902,Camillus village,9999,
36,New York,067,Onondaga County,11913,Camillus town,99999,,9999,
36,New York,067,Onondaga County,15704,Cicero town,53660,North Syracuse village,9999,
36,New York,067,Onondaga County,15704,Cicero town,99999,,9999,
36,New York,067,Onondaga County,16067,Clay town,53660,North Syracuse village,9999,
36,New York,067,Onondaga County,16067,Clay town,99999,,9999,
36,New York,067,Onondaga County,20478,De Witt town,23052,East Syracuse village,9999,
36,New York,067,Onondaga County,20478,De Witt town,99999,,9999,
36,New York,067,Onondaga County,23800,Elbridge town,23789,Elbridge village,9999,
36,New York,067,Onondaga County,23800,Elbridge town,38825,Jordan village,9999,
36,New York,067,Onondaga County,23800,Elbridge town,99999,,9999,
36,New York,067,Onondaga County,24878,Fabius town,24867,Fabius village,9999,
36,New York,067,Onondaga County,24878,Fabius town,99999,,9999,
36,New York,067,Onondaga County,28519,Geddes town,68286,Solvay village,9999,
36,New York,067,Onondaga County,28519,Geddes town,99999,,9999,
36,New York,067,Onondaga County,40266,LaFayette town,99999,,9999,
36,New York,067,Onondaga County,44039,Lysander town,04198,Baldwinsville village,9999,
36,New York,067,Onondaga County,44039,Lysander town,99999,,9999,
36,New York,067,Onondaga County,45029,Manlius town,25527,Fayetteville village,9999,
36,New York,067,Onondaga County,45029,Manlius town,45018,Manlius village,9999,
36,New York,067,Onondaga County,45029,Manlius town,47757,Minoa village,9999,
36,New York,067,Onondaga County,45029,Manlius town,99999,,9999,
36,New York,067,Onondaga County,45491,Marcellus town,45480,Marcellus village,9999,
36,New York,067,Onondaga County,45491,Marcellus town,99999,,9999,
36,New York,067,Onondaga County,54958,Onondaga town,99999,,9999,
36,New York,067,Onondaga County,55651,Otisco town,99999,,9999,
36,New York,067,Onondaga County,59036,Pompey town,99999,,9999,
36,New York,067,Onondaga County,64815,Salina town,42884,Liverpool village,9999,
36,New York,067,Onondaga County,64815,Salina town,99999,,9999,
36,New York,067,Onondaga County,67521,Skaneateles town,67510,Skaneateles village,9999,
36,New York,067,Onondaga County,67521,Skaneateles town,99999,,9999,
36,New York,067,Onondaga County,70057,Spafford town,99999,,9999,
36,New York,067,Onondaga County,75638,Tully town,75627,Tully village,9999,
36,New York,067,Onondaga County,75638,Tully town,99999,,9999,
36,New York,067,Onondaga County,76760,Van Buren town,04198,Baldwinsville village,9999,
36,New York,067,Onondaga County,76760,Van Buren town,99999,,9999,
36,New York,067,Onondaga County,99999,,73000,Syracuse city,9999,
36,New York,067,Onondaga County,99999,,99999,,2570,Onondaga Nation Reservation
36,New York,069,Ontario County,08378,Bristol town,99999,,9999,
36,New York,069,Ontario County,12100,Canadice town,99999,,9999,
36,New York,069,Ontario County,12155,Canandaigua town,99999,,9999,
36,New York,069,Ontario County,21699,East Bloomfield town,06945,Bloomfield village,9999,
36,New York,069,Ontario County,21699,East Bloomfield town,99999,,9999,
36,New York,069,Ontario County,25406,Farmington town,99999,,9999,
36,New York,069,Ontario County,28651,Geneva town,99999,,9999,
36,New York,069,Ontario County,29531,Gorham town,64199,Rushville village,9999,
36,New York,069,Ontario County,29531,Gorham town,99999,,9999,
36,New York,069,Ontario County,35551,Hopewell town,99999,,9999,
36,New York,069,Ontario County,44864,Manchester town,16375,Clifton Springs village,9999,
36,New York,069,Ontario County,44864,Manchester town,44853,Manchester village,9999,
36,New York,069,Ontario County,44864,Manchester town,67257,Shortsville village,9999,
36,New York,069,Ontario County,44864,Manchester town,99999,,9999,
36,New York,069,Ontario County,49440,Naples town,49429,Naples village,9999,
36,New York,069,Ontario County,49440,Naples town,99999,,9999,
36,New York,069,Ontario County,57529,Phelps town,16375,Clifton Springs village,9999,
36,New York,069,Ontario County,57529,Phelps town,57518,Phelps village,9999,
36,New York,069,Ontario County,57529,Phelps town,99999,,9999,
36,New York,069,Ontario County,61544,Richmond town,99999,,9999,
36,New York,069,Ontario County,66289,Seneca town,99999,,9999,
36,New York,069,Ontario County,68660,South Bristol town,99999,,9999,
36,New York,069,Ontario County,77387,Victor town,77376,Victor village,9999,
36,New York,069,Ontario County,77387,Victor town,99999,,9999,
36,New York,069,Ontario County,79356,West Bloomfield town,99999,,9999,
36,New York,069,Ontario County,99999,,12144,Canandaigua city,9999,
36,New York,069,Ontario County,99999,,28640,Geneva city,9999,
36,New York,071,Orange County,07003,Blooming Grove town,68610,South Blooming Grove village,9999,
36,New York,071,Orange County,07003,Blooming Grove town,78465,Washingtonville village,9999,
36,New York,071,Orange County,07003,Blooming Grove town,99999,,9999,
36,New York,071,Orange County,15308,Chester town,15297,Chester village,9999,
36,New York,071,Orange County,15308,Chester town,99999,,9999,
36,New York,071,Orange County,18300,Cornwall town,18333,Cornwall-on-Hudson village,9999,
36,New York,071,Orange County,18300,Cornwall town,99999,,9999,
36,New York,071,Orange County,18916,Crawford town,99999,,9999,
36,New York,071,Orange County,19961,Deerpark town,99999,,9999,
36,New York,071,Orange County,29553,Goshen town,15297,Chester village,9999,
36,New York,071,Orange County,29553,Goshen town,26319,Florida village,9999,
36,New York,071,Orange County,29553,Goshen town,29542,Goshen village,9999,
36,New York,071,Orange County,29553,Goshen town,99999,,9999,
36,New York,071,Orange County,30631,Greenville town,99999,,9999,
36,New York,071,Orange County,31907,Hamptonburgh town,46162,Maybrook village,9999,
36,New York,071,Orange County,31907,Hamptonburgh town,99999,,9999,
36,New York,071,Orange County,34550,Highlands town,34495,Highland Falls village,9999,
36,New York,071,Orange County,34550,Highlands town,99999,,9999,
36,New York,071,Orange County,47713,Minisink town,76210,Unionville village,9999,
36,New York,071,Orange County,47713,Minisink town,99999,,9999,
36,New York,071,Orange County,47999,Monroe town,32325,Harriman village,9999,
36,New York,071,Orange County,47999,Monroe town,47988,Monroe village,9999,
36,New York,071,Orange County,47999,Monroe town,99999,,9999,
36,New York,071,Orange County,48153,Montgomery town,46162,Maybrook village,9999,
36,New York,071,Orange County,48153,Montgomery town,48142,Montgomery village,9999,
36,New York,071,Orange County,48153,Montgomery town,77849,Walden village,9999,
36,New York,071,Orange County,48153,Montgomery town,99999,,9999,
36,New York,071,Orange County,48857,Mount Hope town,55673,Otisville village,9999,
36,New York,071,Orange County,48857,Mount Hope town,99999,,9999,
36,New York,071,Orange County,50045,Newburgh town,99999,,9999,
36,New York,071,Orange County,50848,New Windsor town,99999,,9999,
36,New York,071,Orange County,56185,Palm Tree town,39853,Kiryas Joel village,9999,
36,New York,071,Orange County,75781,Tuxedo town,75779,Tuxedo village,9999,
36,New York,071,Orange County,75781,Tuxedo town,75803,Tuxedo Park village,9999,
36,New York,071,Orange County,77992,Wallkill town,99999,,9999,
36,New York,071,Orange County,78366,Warwick town,26319,Florida village,9999,
36,New York,071,Orange County,78366,Warwick town,30752,Greenwood Lake village,9999,
36,New York,071,Orange County,78366,Warwick town,78355,Warwick village,9999,
36,New York,071,Orange County,78366,Warwick town,99999,,9999,
36,New York,071,Orange County,78839,Wawayanda town,99999,,9999,
36,New York,071,Orange County,82755,Woodbury town,32325,Harriman village,9999,
36,New York,071,Orange County,82755,Woodbury town,82750,Woodbury village,9999,
36,New York,071,Orange County,99999,,47042,Middletown city,9999,
36,New York,071,Orange County,99999,,50034,Newburgh city,9999,
36,New York,071,Orange County,99999,,59388,Port Jervis city,9999,
36,New York,073,Orleans County,01044,Albion town,01033,Albion village,9999,
36,New York,073,Orleans County,01044,Albion town,99999,,9999,
36,New York,073,Orleans County,04572,Barre town,99999,,9999,
36,New York,073,Orleans County,12496,Carlton town,99999,,9999,
36,New York,073,Orleans County,15880,Clarendon town,99999,,9999,
36,New York,073,Orleans County,27958,Gaines town,01033,Albion village,9999,
36,New York,073,Orleans County,27958,Gaines town,99999,,9999,
36,New York,073,Orleans County,39188,Kendall town,99999,,9999,
36,New York,073,Orleans County,49286,Murray town,35155,Holley village,9999,
36,New York,073,Orleans County,49286,Murray town,99999,,9999,
36,New York,073,Orleans County,61742,Ridgeway town,46415,Medina village,9999,
36,New York,073,Orleans County,61742,Ridgeway town,99999,,9999,
36,New York,073,Orleans County,66751,Shelby town,46415,Medina village,9999,
36,New York,073,Orleans County,66751,Shelby town,99999,,9999,
36,New York,073,Orleans County,83448,Yates town,43918,Lyndonville village,9999,
36,New York,073,Orleans County,83448,Yates town,99999,,9999,
36,New York,073,Orleans County,99999,,99999,,9999,
36,New York,075,Oswego County,01055,Albion town,99999,,9999,
36,New York,075,Oswego County,01649,Amboy town,99999,,9999,
36,New York,075,Oswego County,07674,Boylston town,99999,,9999,
36,New York,075,Oswego County,17904,Constantia town,16188,Cleveland village,9999,
36,New York,075,Oswego County,17904,Constantia town,99999,,9999,
36,New York,075,Oswego County,29729,Granby town,99999,,9999,
36,New York,075,Oswego County,32028,Hannibal town,32017,Hannibal village,9999,
36,New York,075,Oswego County,32028,Hannibal town,99999,,9999,
36,New York,075,Oswego County,32688,Hastings town,13585,Central Square village,9999,
36,New York,075,Oswego County,32688,Hastings town,99999,,9999,
36,New York,075,Oswego County,46822,Mexico town,46811,Mexico village,9999,
36,New York,075,Oswego County,46822,Mexico town,99999,,9999,
36,New York,075,Oswego County,47691,Minetto town,99999,,9999,
36,New York,075,Oswego County,50342,New Haven town,99999,,9999,
36,New York,075,Oswego County,55453,Orwell town,99999,,9999,
36,New York,075,Oswego County,55585,Oswego town,99999,,9999,
36,New York,075,Oswego County,56154,Palermo town,99999,,9999,
36,New York,075,Oswego County,56352,Parish town,56341,Parish village,9999,
36,New York,075,Oswego County,56352,Parish town,99999,,9999,
36,New York,075,Oswego County,60873,Redfield town,99999,,9999,
36,New York,075,Oswego County,61533,Richland town,59960,Pulaski village,9999,
36,New York,075,Oswego County,61533,Richland town,99999,,9999,
36,New York,075,Oswego County,65079,Sandy Creek town,40200,Lacona village,9999,
36,New York,075,Oswego County,65079,Sandy Creek town,65068,Sandy Creek village,9999,
36,New York,075,Oswego County,65079,Sandy Creek town,99999,,9999,
36,New York,075,Oswego County,65618,Schroeppel town,57661,Phoenix village,9999,
36,New York,075,Oswego County,65618,Schroeppel town,99999,,9999,
36,New York,075,Oswego County,65992,Scriba town,99999,,9999,
36,New York,075,Oswego County,77662,Volney town,99999,,9999,
36,New York,075,Oswego County,80500,West Monroe town,99999,,9999,
36,New York,075,Oswego County,82073,Williamstown town,99999,,9999,
36,New York,075,Oswego County,99999,,27815,Fulton city,9999,
36,New York,075,Oswego County,99999,,55574,Oswego city,9999,
36,New York,075,Oswego County,99999,,99999,,9999,
36,New York,077,Otsego County,11209,Burlington town,99999,,9999,
36,New York,077,Otsego County,11528,Butternuts town,28959,Gilbertsville village,9999,
36,New York,077,Otsego County,11528,Butternuts town,99999,,9999,
36,New York,077,Otsego County,15253,Cherry Valley town,15242,Cherry Valley village,9999,
36,New York,077,Otsego County,15253,Cherry Valley town,99999,,9999,
36,New York,077,Otsego County,19895,Decatur town,99999,,9999,
36,New York,077,Otsego County,23613,Edmeston town,99999,,9999,
36,New York,077,Otsego County,24845,Exeter town,99999,,9999,
36,New York,077,Otsego County,32589,Hartwick town,99999,,9999,
36,New York,077,Otsego County,41531,Laurens town,41520,Laurens village,9999,
36,New York,077,Otsego County,41531,Laurens town,99999,,9999,
36,New York,077,Otsego County,45920,Maryland town,99999,,9999,
36,New York,077,Otsego County,46910,Middlefield town,18047,Cooperstown village,9999,
36,New York,077,Otsego County,46910,Middlefield town,99999,,9999,
36,New York,077,Otsego County,47240,Milford town,47229,Milford village,9999,
36,New York,077,Otsego County,47240,Milford town,99999,,9999,
36,New York,077,Otsego County,48494,Morris town,48483,Morris village,9999,
36,New York,077,Otsego County,48494,Morris town,99999,,9999,
36,New York,077,Otsego County,50485,New Lisbon town,99999,,9999,
36,New York,077,Otsego County,54892,Oneonta town,99999,,9999,
36,New York,077,Otsego County,55629,Otego town,55618,Otego village,9999,
36,New York,077,Otsego County,55629,Otego town,99999,,9999,
36,New York,077,Otsego County,55695,Otsego town,18047,Cooperstown village,9999,
36,New York,077,Otsego County,55695,Otsego town,99999,,9999,
36,New York,077,Otsego County,58343,Pittsfield town,99999,,9999,
36,New York,077,Otsego County,58420,Plainfield town,99999,,9999,
36,New York,077,Otsego County,61467,Richfield town,61489,Richfield Springs village,9999,
36,New York,077,Otsego County,61467,Richfield town,99999,,9999,
36,New York,077,Otsego County,63638,Roseboom town,99999,,9999,
36,New York,077,Otsego County,70310,Springfield town,99999,,9999,
36,New York,077,Otsego County,76012,Unadilla town,76001,Unadilla village,9999,
36,New York,077,Otsego County,76012,Unadilla town,99999,,9999,
36,New York,077,Otsego County,79972,Westford town,99999,,9999,
36,New York,077,Otsego County,83129,Worcester town,99999,,9999,
36,New York,077,Otsego County,99999,,54881,Oneonta city,9999,
36,New York,079,Putnam County,12529,Carmel town,99999,,9999,
36,New York,079,Putnam County,39331,Kent town,99999,,9999,
36,New York,079,Putnam County,56748,Patterson town,99999,,9999,
36,New York,079,Putnam County,57584,Philipstown town,16936,Cold Spring village,9999,
36,New York,079,Putnam County,57584,Philipstown town,49781,Nelsonville village,9999,
36,New York,079,Putnam County,57584,Philipstown town,99999,,9999,
36,New York,079,Putnam County,60147,Putnam Valley town,99999,,9999,
36,New York,079,Putnam County,68924,Southeast town,08070,Brewster village,9999,
36,New York,079,Putnam County,68924,Southeast town,99999,,9999,
36,New York,081,Queens County,99999,,51000,New York city,9999,
36,New York,083,Rensselaer County,06189,Berlin town,99999,,9999,
36,New York,083,Rensselaer County,10275,Brunswick town,99999,,9999,
36,New York,083,Rensselaer County,22117,East Greenbush town,99999,,9999,
36,New York,083,Rensselaer County,29674,Grafton town,99999,,9999,
36,New York,083,Rensselaer County,35463,Hoosick town,35474,Hoosick Falls village,9999,
36,New York,083,Rensselaer County,35463,Hoosick town,99999,,9999,
36,New York,083,Rensselaer County,49517,Nassau town,22557,East Nassau village,9999,
36,New York,083,Rensselaer County,49517,Nassau town,49506,Nassau village,9999,
36,New York,083,Rensselaer County,49517,Nassau town,99999,,9999,
36,New York,083,Rensselaer County,52100,North Greenbush town,99999,,9999,
36,New York,083,Rensselaer County,57441,Petersburgh town,99999,,9999,
36,New York,083,Rensselaer County,58398,Pittstown town,76672,Valley Falls village,9999,
36,New York,083,Rensselaer County,58398,Pittstown town,99999,,9999,
36,New York,083,Rensselaer County,58805,Poestenkill town,99999,,9999,
36,New York,083,Rensselaer County,65013,Sand Lake town,99999,,9999,
36,New York,083,Rensselaer County,65486,Schaghticoke town,65475,Schaghticoke village,9999,
36,New York,083,Rensselaer County,65486,Schaghticoke town,76672,Valley Falls village,9999,
36,New York,083,Rensselaer County,65486,Schaghticoke town,99999,,9999,
36,New York,083,Rensselaer County,65541,Schodack town,12870,Castleton-on-Hudson village,9999,
36,New York,083,Rensselaer County,65541,Schodack town,49506,Nassau village,9999,
36,New York,083,Rensselaer County,65541,Schodack town,99999,,9999,
36,New York,083,Rensselaer County,71102,Stephentown town,99999,,9999,
36,New York,083,Rensselaer County,99999,,61148,Rensselaer city,9999,
36,New York,083,Rensselaer County,99999,,75484,Troy city,9999,
36,New York,085,Richmond County,99999,,51000,New York city,9999,
36,New York,087,Rockland County,15968,Clarkstown town,54100,Nyack village,9999,
36,New York,087,Rockland County,15968,Clarkstown town,70420,Spring Valley village,9999,
36,New York,087,Rockland County,15968,Clarkstown town,76386,Upper Nyack village,9999,
36,New York,087,Rockland County,15968,Clarkstown town,99999,,9999,
36,New York,087,Rockland County,32765,Haverstraw town,32754,Haverstraw village,9999,
36,New York,087,Rockland County,32765,Haverstraw town,58992,Pomona village,9999,
36,New York,087,Rockland County,32765,Haverstraw town,80203,West Haverstraw village,9999,
36,New York,087,Rockland County,32765,Haverstraw town,99999,,9999,
36,New York,087,Rockland County,55211,Orangetown town,29872,Grand View-on-Hudson village,9999,
36,New York,087,Rockland County,55211,Orangetown town,54100,Nyack village,9999,
36,New York,087,Rockland County,55211,Orangetown town,57749,Piermont village,9999,
36,New York,087,Rockland County,55211,Orangetown town,99999,,9999,
36,New York,087,Rockland County,60510,Ramapo town,00408,Airmont village,9999,
36,New York,087,Rockland County,60510,Ramapo town,15400,Chestnut Ridge village,9999,
36,New York,087,Rockland County,60510,Ramapo town,34660,Hillburn village,9999,
36,New York,087,Rockland County,60510,Ramapo town,38934,Kaser village,9999,
36,New York,087,Rockland County,60510,Ramapo town,48090,Montebello village,9999,
36,New York,087,Rockland County,60510,Ramapo town,50353,New Hempstead village,9999,
36,New York,087,Rockland County,60510,Ramapo town,50705,New Square village,9999,
36,New York,087,Rockland County,60510,Ramapo town,58992,Pomona village,9999,
36,New York,087,Rockland County,60510,Ramapo town,67708,Sloatsburg village,9999,
36,New York,087,Rockland County,60510,Ramapo town,70420,Spring Valley village,9999,
36,New York,087,Rockland County,60510,Ramapo town,71894,Suffern village,9999,
36,New York,087,Rockland County,60510,Ramapo town,79174,Wesley Hills village,9999,
36,New York,087,Rockland County,60510,Ramapo town,99999,,9999,
36,New York,087,Rockland County,71674,Stony Point town,99999,,9999,
36,New York,089,St. Lawrence County,07938,Brasher town,99999,,9999,
36,New York,089,St. Lawrence County,12342,Canton town,12331,Canton village,9999,
36,New York,089,St. Lawrence County,12342,Canton town,61159,Rensselaer Falls village,9999,
36,New York,089,St. Lawrence County,12342,Canton town,99999,,9999,
36,New York,089,St. Lawrence County,15792,Clare town,99999,,9999,
36,New York,089,St. Lawrence County,16287,Clifton town,99999,,9999,
36,New York,089,St. Lawrence County,17409,Colton town,99999,,9999,
36,New York,089,St. Lawrence County,20038,De Kalb town,61621,Richville village,9999,
36,New York,089,St. Lawrence County,20038,De Kalb town,99999,,9999,
36,New York,089,St. Lawrence County,20335,De Peyster town,99999,,9999,
36,New York,089,St. Lawrence County,23646,Edwards town,99999,,9999,
36,New York,089,St. Lawrence County,25791,Fine town,99999,,9999,
36,New York,089,St. Lawrence County,27100,Fowler town,99999,,9999,
36,New York,089,St. Lawrence County,29608,Gouverneur town,29597,Gouverneur village,9999,
36,New York,089,St. Lawrence County,29608,Gouverneur town,99999,,9999,
36,New York,089,St. Lawrence County,31841,Hammond town,31830,Hammond village,9999,
36,New York,089,St. Lawrence County,31841,Hammond town,99999,,9999,
36,New York,089,St. Lawrence County,34176,Hermon town,99999,,9999,
36,New York,089,St. Lawrence County,35595,Hopkinton town,99999,,9999,
36,New York,089,St. Lawrence County,41564,Lawrence town,99999,,9999,
36,New York,089,St. Lawrence County,42631,Lisbon town,99999,,9999,
36,New York,089,St. Lawrence County,43588,Louisville town,46019,Massena village,9999,
36,New York,089,St. Lawrence County,43588,Louisville town,99999,,9999,
36,New York,089,St. Lawrence County,44391,Macomb town,99999,,9999,
36,New York,089,St. Lawrence County,44490,Madrid town,99999,,9999,
36,New York,089,St. Lawrence County,46030,Massena town,46019,Massena village,9999,
36,New York,089,St. Lawrence County,46030,Massena town,99999,,9999,
36,New York,089,St. Lawrence County,48582,Morristown town,99999,,9999,
36,New York,089,St. Lawrence County,51330,Norfolk town,46019,Massena village,9999,
36,New York,089,St. Lawrence County,51330,Norfolk town,54012,Norwood village,9999,
36,New York,089,St. Lawrence County,51330,Norfolk town,99999,,9999,
36,New York,089,St. Lawrence County,55563,Oswegatchie town,34264,Heuvelton village,9999,
36,New York,089,St. Lawrence County,55563,Oswegatchie town,99999,,9999,
36,New York,089,St. Lawrence County,56374,Parishville town,99999,,9999,
36,New York,089,St. Lawrence County,57716,Piercefield town,99999,,9999,
36,New York,089,St. Lawrence County,57771,Pierrepont town,99999,,9999,
36,New York,089,St. Lawrence County,58266,Pitcairn town,99999,,9999,
36,New York,089,St. Lawrence County,59575,Potsdam town,54012,Norwood village,9999,
36,New York,089,St. Lawrence County,59575,Potsdam town,59564,Potsdam village,9999,
36,New York,089,St. Lawrence County,59575,Potsdam town,99999,,9999,
36,New York,089,St. Lawrence County,63858,Rossie town,99999,,9999,
36,New York,089,St. Lawrence County,64221,Russell town,99999,,9999,
36,New York,089,St. Lawrence County,71410,Stockholm town,99999,,9999,
36,New York,089,St. Lawrence County,77739,Waddington town,77728,Waddington village,9999,
36,New York,089,St. Lawrence County,77739,Waddington town,99999,,9999,
36,New York,089,St. Lawrence County,99999,,54485,Ogdensburg city,9999,
36,New York,091,Saratoga County,04220,Ballston town,04253,Ballston Spa village,9999,
36,New York,091,Saratoga County,04220,Ballston town,99999,,9999,
36,New York,091,Saratoga County,13926,Charlton town,99999,,9999,
36,New York,091,Saratoga County,16353,Clifton Park town,99999,,9999,
36,New York,091,Saratoga County,18223,Corinth town,18212,Corinth village,9999,
36,New York,091,Saratoga County,18223,Corinth town,99999,,9999,
36,New York,091,Saratoga County,19807,Day town,99999,,9999,
36,New York,091,Saratoga County,23591,Edinburg town,99999,,9999,
36,New York,091,Saratoga County,28112,Galway town,28101,Galway village,9999,
36,New York,091,Saratoga County,28112,Galway town,99999,,9999,
36,New York,091,Saratoga County,30444,Greenfield town,99999,,9999,
36,New York,091,Saratoga County,31269,Hadley town,99999,,9999,
36,New York,091,Saratoga County,31489,Halfmoon town,99999,,9999,
36,New York,091,Saratoga County,44743,Malta town,63957,Round Lake village,9999,
36,New York,091,Saratoga County,44743,Malta town,99999,,9999,
36,New York,091,Saratoga County,47537,Milton town,04253,Ballston Spa village,9999,
36,New York,091,Saratoga County,47537,Milton town,99999,,9999,
36,New York,091,Saratoga County,48318,Moreau town,69078,South Glens Falls village,9999,
36,New York,091,Saratoga County,48318,Moreau town,99999,,9999,
36,New York,091,Saratoga County,53737,Northumberland town,99999,,9999,
36,New York,091,Saratoga County,59949,Providence town,99999,,9999,
36,New York,091,Saratoga County,65244,Saratoga town,65750,Schuylerville village,9999,
36,New York,091,Saratoga County,65244,Saratoga town,77431,Victory village,9999,
36,New York,091,Saratoga County,65244,Saratoga town,99999,,9999,
36,New York,091,Saratoga County,71333,Stillwater town,71322,Stillwater village,9999,
36,New York,091,Saratoga County,71333,Stillwater town,99999,,9999,
36,New York,091,Saratoga County,78531,Waterford town,78520,Waterford village,9999,
36,New York,091,Saratoga County,78531,Waterford town,99999,,9999,
36,New York,091,Saratoga County,82403,Wilton town,99999,,9999,
36,New York,091,Saratoga County,99999,,46360,Mechanicville city,9999,
36,New York,091,Saratoga County,99999,,65255,Saratoga Springs city,9999,
36,New York,093,Schenectady County,21006,Duanesburg town,20082,Delanson village,9999,
36,New York,093,Schenectady County,21006,Duanesburg town,99999,,9999,
36,New York,093,Schenectady County,29366,Glenville town,65893,Scotia village,9999,
36,New York,093,Schenectady County,29366,Glenville town,99999,,9999,
36,New York,093,Schenectady County,51264,Niskayuna town,99999,,9999,
36,New York,093,Schenectady County,59861,Princetown town,99999,,9999,
36,New York,093,Schenectady County,63935,Rotterdam town,99999,,9999,
36,New York,093,Schenectady County,99999,,65508,Schenectady city,9999,
36,New York,095,Schoharie County,06893,Blenheim town,99999,,9999,
36,New York,095,Schoharie County,10154,Broome town,99999,,9999,
36,New York,095,Schoharie County,12452,Carlisle town,99999,,9999,
36,New York,095,Schoharie County,16639,Cobleskill town,16628,Cobleskill village,9999,
36,New York,095,Schoharie County,16639,Cobleskill town,99999,,9999,
36,New York,095,Schoharie County,17651,Conesville town,99999,,9999,
36,New York,095,Schoharie County,24724,Esperance town,24713,Esperance village,9999,
36,New York,095,Schoharie County,24724,Esperance town,99999,,9999,
36,New York,095,Schoharie County,27826,Fulton town,99999,,9999,
36,New York,095,Schoharie County,28981,Gilboa town,99999,,9999,
36,New York,095,Schoharie County,38440,Jefferson town,99999,,9999,
36,New York,095,Schoharie County,46855,Middleburgh town,46866,Middleburgh village,9999,
36,New York,095,Schoharie County,46855,Middleburgh town,99999,,9999,
36,New York,095,Schoharie County,61599,Richmondville town,61588,Richmondville village,9999,
36,New York,095,Schoharie County,61599,Richmondville town,99999,,9999,
36,New York,095,Schoharie County,65596,Schoharie town,65585,Schoharie village,9999,
36,New York,095,Schoharie County,65596,Schoharie town,99999,,9999,
36,New York,095,Schoharie County,66542,Seward town,99999,,9999,
36,New York,095,Schoharie County,66641,Sharon town,66663,Sharon Springs village,9999,
36,New York,095,Schoharie County,66641,Sharon town,99999,,9999,
36,New York,095,Schoharie County,72070,Summit town,99999,,9999,
36,New York,095,Schoharie County,83195,Wright town,99999,,9999,
36,New York,097,Schuyler County,12914,Catharine town,54452,Odessa village,9999,
36,New York,097,Schuyler County,12914,Catharine town,99999,,9999,
36,New York,097,Schuyler County,13112,Cayuta town,99999,,9999,
36,New York,097,Schuyler County,20676,Dix town,48197,Montour Falls village,9999,
36,New York,097,Schuyler County,20676,Dix town,78696,Watkins Glen village,9999,
36,New York,097,Schuyler County,20676,Dix town,99999,,9999,
36,New York,097,Schuyler County,33073,Hector town,11132,Burdett village,9999,
36,New York,097,Schuyler County,33073,Hector town,99999,,9999,
36,New York,097,Schuyler County,48186,Montour town,48197,Montour Falls village,9999,
36,New York,097,Schuyler County,48186,Montour town,54452,Odessa village,9999,
36,New York,097,Schuyler County,48186,Montour town,99999,,9999,
36,New York,097,Schuyler County,55156,Orange town,99999,,9999,
36,New York,097,Schuyler County,60763,Reading town,78696,Watkins Glen village,9999,
36,New York,097,Schuyler County,60763,Reading town,99999,,9999,
36,New York,097,Schuyler County,75924,Tyrone town,99999,,9999,
36,New York,099,Seneca County,18663,Covert town,37528,Interlaken village,9999,
36,New York,099,Seneca County,18663,Covert town,99999,,8100,
36,New York,099,Seneca County,18663,Covert town,99999,,9999,
36,New York,099,Seneca County,25505,Fayette town,78553,Waterloo village,9999,
36,New York,099,Seneca County,25505,Fayette town,99999,,8100,
36,New York,099,Seneca County,25505,Fayette town,99999,,9999,
36,New York,099,Seneca County,38858,Junius town,99999,,8100,
36,New York,099,Seneca County,38858,Junius town,99999,,9999,
36,New York,099,Seneca County,43225,Lodi town,43214,Lodi village,9999,
36,New York,099,Seneca County,43225,Lodi town,99999,,8100,
36,New York,099,Seneca County,43225,Lodi town,99999,,9999,
36,New York,099,Seneca County,55827,Ovid town,55816,Ovid village,9999,
36,New York,099,Seneca County,55827,Ovid town,99999,,8100,
36,New York,099,Seneca County,55827,Ovid town,99999,,9999,
36,New York,099,Seneca County,63440,Romulus town,55816,Ovid village,9999,
36,New York,099,Seneca County,63440,Romulus town,99999,,8100,
36,New York,099,Seneca County,63440,Romulus town,99999,,9999,
36,New York,099,Seneca County,66333,Seneca Falls town,78553,Waterloo village,9999,
36,New York,099,Seneca County,66333,Seneca Falls town,99999,,8100,
36,New York,099,Seneca County,66333,Seneca Falls town,99999,,9999,
36,New York,099,Seneca County,75902,Tyre town,99999,,8100,
36,New York,099,Seneca County,75902,Tyre town,99999,,9999,
36,New York,099,Seneca County,76958,Varick town,99999,,8100,
36,New York,099,Seneca County,76958,Varick town,99999,,9999,
36,New York,099,Seneca County,78564,Waterloo town,78553,Waterloo village,9999,
36,New York,099,Seneca County,78564,Waterloo town,99999,,9999,
36,New York,099,Seneca County,99999,,28640,Geneva city,9999,
36,New York,101,Steuben County,00287,Addison town,00276,Addison village,9999,
36,New York,101,Steuben County,00287,Addison town,99999,,9999,
36,New York,101,Steuben County,03342,Avoca town,03331,Avoca village,9999,
36,New York,101,Steuben County,03342,Avoca town,99999,,9999,
36,New York,101,Steuben County,04770,Bath town,04759,Bath village,9999,
36,New York,101,Steuben County,04770,Bath town,65354,Savona village,9999,
36,New York,101,Steuben County,04770,Bath town,99999,,9999,
36,New York,101,Steuben County,07740,Bradford town,99999,,9999,
36,New York,101,Steuben County,11880,Cameron town,99999,,9999,
36,New York,101,Steuben County,11946,Campbell town,99999,,9999,
36,New York,101,Steuben County,12265,Canisteo town,12254,Canisteo village,9999,
36,New York,101,Steuben County,12265,Canisteo town,99999,,9999,
36,New York,101,Steuben County,12991,Caton town,99999,,9999,
36,New York,101,Steuben County,16738,Cohocton town,16727,Cohocton village,9999,
36,New York,101,Steuben County,16738,Cohocton town,99999,,9999,
36,New York,101,Steuben County,18267,Corning town,62061,Riverside village,9999,
36,New York,101,Steuben County,18267,Corning town,68847,South Corning village,9999,
36,New York,101,Steuben County,18267,Corning town,99999,,9999,
36,New York,101,Steuben County,19675,Dansville town,99999,,9999,
36,New York,101,Steuben County,24647,Erwin town,56088,Painted Post village,9999,
36,New York,101,Steuben County,24647,Erwin town,99999,,9999,
36,New York,101,Steuben County,27551,Fremont town,99999,,9999,
36,New York,101,Steuben County,30741,Greenwood town,99999,,9999,
36,New York,101,Steuben County,32567,Hartsville town,99999,,9999,
36,New York,101,Steuben County,35661,Hornby town,99999,,9999,
36,New York,101,Steuben County,35683,Hornellsville town,01440,Almond village,9999,
36,New York,101,Steuben County,35683,Hornellsville town,02583,Arkport village,9999,
36,New York,101,Steuben County,35683,Hornellsville town,53055,North Hornell village,9999,
36,New York,101,Steuben County,35683,Hornellsville town,99999,,9999,
36,New York,101,Steuben County,35837,Howard town,99999,,9999,
36,New York,101,Steuben County,38319,Jasper town,99999,,9999,
36,New York,101,Steuben County,42576,Lindley town,99999,,9999,
36,New York,101,Steuben County,59718,Prattsburgh town,99999,,9999,
36,New York,101,Steuben County,59982,Pulteney town,99999,,9999,
36,New York,101,Steuben County,60653,Rathbone town,99999,,9999,
36,New York,101,Steuben County,73836,Thurston town,99999,,9999,
36,New York,101,Steuben County,75440,Troupsburg town,99999,,9999,
36,New York,101,Steuben County,75737,Tuscarora town,99999,,9999,
36,New York,101,Steuben County,76496,Urbana town,31852,Hammondsport village,9999,
36,New York,101,Steuben County,76496,Urbana town,99999,,9999,
36,New York,101,Steuben County,78861,Wayland town,78850,Wayland village,9999,
36,New York,101,Steuben County,78861,Wayland town,99999,,9999,
36,New York,101,Steuben County,78883,Wayne town,99999,,9999,
36,New York,101,Steuben County,81105,West Union town,99999,,9999,
36,New York,101,Steuben County,81457,Wheeler town,99999,,9999,
36,New York,101,Steuben County,82843,Woodhull town,99999,,9999,
36,New York,101,Steuben County,99999,,18256,Corning city,9999,
36,New York,101,Steuben County,99999,,35672,Hornell city,9999,
36,New York,103,Suffolk County,04000,Babylon town,02044,Amityville village,9999,
36,New York,103,Suffolk County,04000,Babylon town,03408,Babylon village,9999,
36,New York,103,Suffolk County,04000,Babylon town,42554,Lindenhurst village,9999,
36,New York,103,Suffolk County,04000,Babylon town,99999,,9999,
36,New York,103,Suffolk County,10000,Brookhaven town,05672,Belle Terre village,9999,
36,New York,103,Suffolk County,10000,Brookhaven town,05771,Bellport village,9999,
36,New York,103,Suffolk County,10000,Brookhaven town,40530,Lake Grove village,9999,
36,New York,103,Suffolk County,10000,Brookhaven town,54617,Old Field village,9999,
36,New York,103,Suffolk County,10000,Brookhaven town,56660,Patchogue village,9999,
36,New York,103,Suffolk County,10000,Brookhaven town,59157,Poquott village,9999,
36,New York,103,Suffolk County,10000,Brookhaven town,59355,Port Jefferson village,9999,
36,New York,103,Suffolk County,10000,Brookhaven town,67191,Shoreham village,9999,
36,New York,103,Suffolk County,10000,Brookhaven town,99999,,9999,
36,New York,103,Suffolk County,22194,East Hampton town,22183,East Hampton village,9999,
36,New York,103,Suffolk County,22194,East Hampton town,64485,Sag Harbor village,9999,
36,New York,103,Suffolk County,22194,East Hampton town,99999,,9999,
36,New York,103,Suffolk County,37000,Huntington town,02737,Asharoken village,9999,
36,New York,103,Suffolk County,37000,Huntington town,37022,Huntington Bay village,9999,
36,New York,103,Suffolk County,37000,Huntington town,43005,Lloyd Harbor village,9999,
36,New York,103,Suffolk County,37000,Huntington town,53396,Northport village,9999,
36,New York,103,Suffolk County,37000,Huntington town,99999,,9999,
36,New York,103,Suffolk County,38000,Islip town,08323,Brightwaters village,9999,
36,New York,103,Suffolk County,38000,Islip town,37840,Islandia village,9999,
36,New York,103,Suffolk County,38000,Islip town,54430,Ocean Beach village,9999,
36,New York,103,Suffolk County,38000,Islip town,64881,Saltaire village,9999,
36,New York,103,Suffolk County,38000,Islip town,99999,,9999,
36,New York,103,Suffolk County,61984,Riverhead town,99999,,9999,
36,New York,103,Suffolk County,66839,Shelter Island town,20379,Dering Harbor village,9999,
36,New York,103,Suffolk County,66839,Shelter Island town,99999,,9999,
36,New York,103,Suffolk County,68000,Smithtown town,32963,Head of the Harbor village,9999,
36,New York,103,Suffolk County,68000,Smithtown town,51286,Nissequogue village,9999,
36,New York,103,Suffolk County,68000,Smithtown town,77519,Village of the Branch village,9999,
36,New York,103,Suffolk County,68000,Smithtown town,99999,,9999,
36,New York,103,Suffolk County,68473,Southampton town,52188,North Haven village,9999,
36,New York,103,Suffolk County,68473,Southampton town,60422,Quogue village,9999,
36,New York,103,Suffolk County,68473,Southampton town,64452,Sagaponack village,9999,
36,New York,103,Suffolk County,68473,Southampton town,64485,Sag Harbor village,9999,
36,New York,103,Suffolk County,68473,Southampton town,68462,Southampton village,9999,
36,New York,103,Suffolk County,68473,Southampton town,80181,Westhampton Beach village,9999,
36,New York,103,Suffolk County,68473,Southampton town,80186,West Hampton Dunes village,9999,
36,New York,103,Suffolk County,68473,Southampton town,99999,,9999,
36,New York,103,Suffolk County,69463,Southold town,30576,Greenport village,9999,
36,New York,103,Suffolk County,69463,Southold town,99999,,9999,
36,New York,103,Suffolk County,99999,,99999,,9300,
36,New York,103,Suffolk County,99999,,99999,,9370,
36,New York,105,Sullivan County,06310,Bethel town,99999,,9999,
36,New York,105,Sullivan County,11759,Callicoon town,38506,Jeffersonville village,9999,
36,New York,105,Sullivan County,11759,Callicoon town,99999,,9999,
36,New York,105,Sullivan County,16661,Cochecton town,99999,,9999,
36,New York,105,Sullivan County,20104,Delaware town,99999,,9999,
36,New York,105,Sullivan County,25241,Fallsburg town,82953,Woodridge village,9999,
36,New York,105,Sullivan County,25241,Fallsburg town,99999,,9999,
36,New York,105,Sullivan County,26528,Forestburgh town,99999,,9999,
36,New York,105,Sullivan County,27573,Fremont town,99999,,9999,
36,New York,105,Sullivan County,34473,Highland town,99999,,9999,
36,New York,105,Sullivan County,42235,Liberty town,42224,Liberty village,9999,
36,New York,105,Sullivan County,42235,Liberty town,99999,,9999,
36,New York,105,Sullivan County,43786,Lumberland town,99999,,9999,
36,New York,105,Sullivan County,44809,Mamakating town,06959,Bloomingburg village,9999,
36,New York,105,Sullivan County,44809,Mamakating town,83272,Wurtsboro village,9999,
36,New York,105,Sullivan County,44809,Mamakating town,99999,,9999,
36,New York,105,Sullivan County,49847,Neversink town,99999,,9999,
36,New York,105,Sullivan County,63176,Rockland town,99999,,9999,
36,New York,105,Sullivan County,73627,Thompson town,48175,Monticello village,9999,
36,New York,105,Sullivan County,73627,Thompson town,99999,,9999,
36,New York,105,Sullivan County,75759,Tusten town,99999,,9999,
36,New York,107,Tioga County,04671,Barton town,78806,Waverly village,9999,
36,New York,107,Tioga County,04671,Barton town,99999,,9999,
36,New York,107,Tioga County,06145,Berkshire town,99999,,9999,
36,New York,107,Tioga County,12221,Candor town,12210,Candor village,9999,
36,New York,107,Tioga County,12221,Candor town,99999,,9999,
36,New York,107,Tioga County,49913,Newark Valley town,49902,Newark Valley village,9999,
36,New York,107,Tioga County,49913,Newark Valley town,99999,,9999,
36,New York,107,Tioga County,51121,Nichols town,51110,Nichols village,9999,
36,New York,107,Tioga County,51121,Nichols town,99999,,9999,
36,New York,107,Tioga County,55893,Owego town,55882,Owego village,9999,
36,New York,107,Tioga County,55893,Owego town,99999,,9999,
36,New York,107,Tioga County,61511,Richford town,99999,,9999,
36,New York,107,Tioga County,70178,Spencer town,70167,Spencer village,9999,
36,New York,107,Tioga County,70178,Spencer town,99999,,9999,
36,New York,107,Tioga County,73968,Tioga town,99999,,9999,
36,New York,109,Tompkins County,12606,Caroline town,99999,,9999,
36,New York,109,Tompkins County,19620,Danby town,99999,,9999,
36,New York,109,Tompkins County,20962,Dryden town,20951,Dryden village,9999,
36,New York,109,Tompkins County,20962,Dryden town,27529,Freeville village,9999,
36,New York,109,Tompkins County,20962,Dryden town,99999,,9999,
36,New York,109,Tompkins County,24548,Enfield town,99999,,9999,
36,New York,109,Tompkins County,30972,Groton town,30961,Groton village,9999,
36,New York,109,Tompkins County,30972,Groton town,99999,,9999,
36,New York,109,Tompkins County,38088,Ithaca town,13079,Cayuga Heights village,9999,
36,New York,109,Tompkins County,38088,Ithaca town,99999,,9999,
36,New York,109,Tompkins County,41234,Lansing town,41223,Lansing village,9999,
36,New York,109,Tompkins County,41234,Lansing town,99999,,9999,
36,New York,109,Tompkins County,50254,Newfield town,99999,,9999,
36,New York,109,Tompkins County,75990,Ulysses town,75506,Trumansburg village,9999,
36,New York,109,Tompkins County,75990,Ulysses town,99999,,9999,
36,New York,109,Tompkins County,99999,,38077,Ithaca city,9999,
36,New York,111,Ulster County,20247,Denning town,99999,,9999,
36,New York,111,Ulster County,24691,Esopus town,99999,,9999,
36,New York,111,Ulster County,28255,Gardiner town,99999,,9999,
36,New York,111,Ulster County,32116,Hardenburgh town,99999,,9999,
36,New York,111,Ulster County,37143,Hurley town,99999,,9999,
36,New York,111,Ulster County,39738,Kingston town,99999,,9999,
36,New York,111,Ulster County,42994,Lloyd town,99999,,9999,
36,New York,111,Ulster County,45458,Marbletown town,99999,,9999,
36,New York,111,Ulster County,45722,Marlborough town,99999,,9999,
36,New York,111,Ulster County,50562,New Paltz town,50551,New Paltz village,9999,
36,New York,111,Ulster County,50562,New Paltz town,99999,,9999,
36,New York,111,Ulster County,54749,Olive town,99999,,9999,
36,New York,111,Ulster County,58552,Plattekill town,99999,,9999,
36,New York,111,Ulster County,63011,Rochester town,99999,,9999,
36,New York,111,Ulster County,63737,Rosendale town,99999,,9999,
36,New York,111,Ulster County,65299,Saugerties town,65288,Saugerties village,9999,
36,New York,111,Ulster County,65299,Saugerties town,99999,,9999,
36,New York,111,Ulster County,66597,Shandaken town,99999,,9999,
36,New York,111,Ulster County,66674,Shawangunk town,99999,,9999,
36,New York,111,Ulster County,75935,Ulster town,99999,,9999,
36,New York,111,Ulster County,78828,Wawarsing town,23965,Ellenville village,9999,
36,New York,111,Ulster County,78828,Wawarsing town,99999,,9999,
36,New York,111,Ulster County,83052,Woodstock town,99999,,9999,
36,New York,111,Ulster County,99999,,39727,Kingston city,9999,
36,New York,113,Warren County,07234,Bolton town,99999,,9999,
36,New York,113,Warren County,15319,Chester town,99999,,9999,
36,New York,113,Warren County,31335,Hague town,99999,,9999,
36,New York,113,Warren County,35639,Horicon town,99999,,9999,
36,New York,113,Warren County,38715,Johnsburg town,99999,,9999,
36,New York,113,Warren County,40519,Lake George town,40508,Lake George village,9999,
36,New York,113,Warren County,40519,Lake George town,99999,,9999,
36,New York,113,Warren County,40662,Lake Luzerne town,99999,,9999,
36,New York,113,Warren County,60356,Queensbury town,99999,,9999,
36,New York,113,Warren County,71641,Stony Creek town,99999,,9999,
36,New York,113,Warren County,73814,Thurman town,99999,,9999,
36,New York,113,Warren County,78300,Warrensburg town,99999,,9999,
36,New York,113,Warren County,99999,,29333,Glens Falls city,9999,
36,New York,115,Washington County,02561,Argyle town,02550,Argyle village,9999,
36,New York,115,Washington County,02561,Argyle town,99999,,9999,
36,New York,115,Washington County,11836,Cambridge town,11825,Cambridge village,9999,
36,New York,115,Washington County,11836,Cambridge town,99999,,9999,
36,New York,115,Washington County,20885,Dresden town,99999,,9999,
36,New York,115,Washington County,22656,Easton town,30675,Greenwich village,9999,
36,New York,115,Washington County,22656,Easton town,99999,,9999,
36,New York,115,Washington County,26715,Fort Ann town,26704,Fort Ann village,9999,
36,New York,115,Washington County,26715,Fort Ann town,99999,,9999,
36,New York,115,Washington County,26781,Fort Edward town,26770,Fort Edward village,9999,
36,New York,115,Washington County,26781,Fort Edward town,99999,,9999,
36,New York,115,Washington County,30037,Granville town,30026,Granville village,9999,
36,New York,115,Washington County,30037,Granville town,99999,,9999,
36,New York,115,Washington County,30686,Greenwich town,30675,Greenwich village,9999,
36,New York,115,Washington County,30686,Greenwich town,99999,,9999,
36,New York,115,Washington County,31885,Hampton town,99999,,9999,
36,New York,115,Washington County,32457,Hartford town,99999,,9999,
36,New York,115,Washington County,33040,Hebron town,99999,,9999,
36,New York,115,Washington County,38143,Jackson town,99999,,9999,
36,New York,115,Washington County,39650,Kingsbury town,35980,Hudson Falls village,9999,
36,New York,115,Washington County,39650,Kingsbury town,99999,,9999,
36,New York,115,Washington County,60092,Putnam town,99999,,9999,
36,New York,115,Washington County,64782,Salem town,99999,,9999,
36,New York,115,Washington County,81578,White Creek town,11825,Cambridge village,9999,
36,New York,115,Washington County,81578,White Creek town,99999,,9999,
36,New York,115,Washington County,81633,Whitehall town,81622,Whitehall village,9999,
36,New York,115,Washington County,81633,Whitehall town,99999,,9999,
36,New York,117,Wayne County,02440,Arcadia town,49891,Newark village,9999,
36,New York,117,Wayne County,02440,Arcadia town,99999,,9999,
36,New York,117,Wayne County,11473,Butler town,82678,Wolcott village,9999,
36,New York,117,Wayne County,11473,Butler town,99999,,9999,
36,New York,117,Wayne County,28013,Galen town,16573,Clyde village,9999,
36,New York,117,Wayne County,28013,Galen town,99999,,9999,
36,New York,117,Wayne County,37165,Huron town,99999,,9999,
36,New York,117,Wayne County,43973,Lyons town,99999,,9999,
36,New York,117,Wayne County,44160,Macedon town,99999,,9999,
36,New York,117,Wayne County,45645,Marion town,99999,,9999,
36,New York,117,Wayne County,55013,Ontario town,99999,,9999,
36,New York,117,Wayne County,56198,Palmyra town,56187,Palmyra village,9999,
36,New York,117,Wayne County,56198,Palmyra town,99999,,9999,
36,New York,117,Wayne County,63605,Rose town,99999,,9999,
36,New York,117,Wayne County,65343,Savannah town,99999,,9999,
36,New York,117,Wayne County,68220,Sodus town,68209,Sodus village,9999,
36,New York,117,Wayne County,68220,Sodus town,68242,Sodus Point village,9999,
36,New York,117,Wayne County,68220,Sodus town,99999,,9999,
36,New York,117,Wayne County,78102,Walworth town,99999,,9999,
36,New York,117,Wayne County,82040,Williamson town,99999,,9999,
36,New York,117,Wayne County,82689,Wolcott town,60829,Red Creek village,9999,
36,New York,117,Wayne County,82689,Wolcott town,82678,Wolcott village,9999,
36,New York,117,Wayne County,82689,Wolcott town,99999,,9999,
36,New York,117,Wayne County,99999,,99999,,9999,
36,New York,119,Westchester County,05320,Bedford town,99999,,9999,
36,New York,119,Westchester County,18410,Cortlandt town,10341,Buchanan village,9999,
36,New York,119,Westchester County,18410,Cortlandt town,19213,Croton-on-Hudson village,9999,
36,New York,119,Westchester County,18410,Cortlandt town,99999,,9999,
36,New York,119,Westchester County,21820,Eastchester town,08532,Bronxville village,9999,
36,New York,119,Westchester County,21820,Eastchester town,75583,Tuckahoe village,9999,
36,New York,119,Westchester County,21820,Eastchester town,99999,,9999,
36,New York,119,Westchester County,30367,Greenburgh town,02506,Ardsley village,9999,
36,New York,119,Westchester County,30367,Greenburgh town,20698,Dobbs Ferry village,9999,
36,New York,119,Westchester County,30367,Greenburgh town,24295,Elmsford village,9999,
36,New York,119,Westchester County,30367,Greenburgh town,32710,Hastings-on-Hudson village,9999,
36,New York,119,Westchester County,30367,Greenburgh town,37803,Irvington village,9999,
36,New York,119,Westchester County,30367,Greenburgh town,73176,Tarrytown village,9999,
36,New York,119,Westchester County,30367,Greenburgh town,99999,,9999,
36,New York,119,Westchester County,32413,Harrison town,32402,Harrison village,9999,
36,New York,119,Westchester County,42136,Lewisboro town,99999,,9999,
36,New York,119,Westchester County,44842,Mamaroneck town,41333,Larchmont village,9999,
36,New York,119,Westchester County,44842,Mamaroneck town,44831,Mamaroneck village,9999,
36,New York,119,Westchester County,44842,Mamaroneck town,99999,,9999,
36,New York,119,Westchester County,49011,Mount Pleasant town,08103,Briarcliff Manor village,9999,
36,New York,119,Westchester County,49011,Mount Pleasant town,58728,Pleasantville village,9999,
36,New York,119,Westchester County,49011,Mount Pleasant town,67638,Sleepy Hollow village,9999,
36,New York,119,Westchester County,49011,Mount Pleasant town,99999,,9999,
36,New York,119,Westchester County,50078,New Castle town,99999,,9999,
36,New York,119,Westchester County,51693,North Castle town,99999,,9999,
36,New York,119,Westchester County,53517,North Salem town,99999,,9999,
36,New York,119,Westchester County,55541,Ossining town,08103,Briarcliff Manor village,9999,
36,New York,119,Westchester County,55541,Ossining town,55530,Ossining village,9999,
36,New York,119,Westchester County,55541,Ossining town,99999,,9999,
36,New York,119,Westchester County,57012,Pelham town,57001,Pelham village,9999,
36,New York,119,Westchester County,57012,Pelham town,57023,Pelham Manor village,9999,
36,New York,119,Westchester County,59685,Pound Ridge town,99999,,9999,
36,New York,119,Westchester County,64320,Rye town,44831,Mamaroneck village,9999,
36,New York,119,Westchester County,64320,Rye town,59223,Port Chester village,9999,
36,New York,119,Westchester County,64320,Rye town,64325,Rye Brook village,9999,
36,New York,119,Westchester County,68308,Somers town,99999,,9999,
36,New York,119,Westchester County,84077,Yorktown town,99999,,9999,
36,New York,119,Westchester County,99999,,48890,Mount Kisco village,9999,
36,New York,119,Westchester County,99999,,49121,Mount Vernon city,9999,
36,New York,119,Westchester County,99999,,50617,New Rochelle city,9999,
36,New York,119,Westchester County,99999,,56979,Peekskill city,9999,
36,New York,119,Westchester County,99999,,64309,Rye city,9999,
36,New York,119,Westchester County,99999,,65431,Scarsdale village,9999,
36,New York,119,Westchester County,99999,,81677,White Plains city,9999,
36,New York,119,Westchester County,99999,,84000,Yonkers city,9999,
36,New York,121,Wyoming County,02418,Arcade town,02407,Arcade village,9999,
36,New York,121,Wyoming County,02418,Arcade town,99999,,9999,
36,New York,121,Wyoming County,03012,Attica town,03001,Attica village,9999,
36,New York,121,Wyoming County,03012,Attica town,99999,,9999,
36,New York,121,Wyoming County,05936,Bennington town,99999,,9999,
36,New York,121,Wyoming County,12782,Castile town,12771,Castile village,9999,
36,New York,121,Wyoming County,12782,Castile town,57243,Perry village,9999,
36,New York,121,Wyoming County,12782,Castile town,99999,,9999,
36,New York,121,Wyoming County,18696,Covington town,99999,,9999,
36,New York,121,Wyoming County,21369,Eagle town,99999,,9999,
36,New York,121,Wyoming County,27980,Gainesville town,27969,Gainesville village,9999,
36,New York,121,Wyoming County,27980,Gainesville town,67466,Silver Springs village,9999,
36,New York,121,Wyoming County,27980,Gainesville town,99999,,9999,
36,New York,121,Wyoming County,28596,Genesee Falls town,99999,,9999,
36,New York,121,Wyoming County,38341,Java town,99999,,9999,
36,New York,121,Wyoming County,46877,Middlebury town,83371,Wyoming village,9999,
36,New York,121,Wyoming County,46877,Middlebury town,99999,,9999,
36,New York,121,Wyoming County,55222,Orangeville town,99999,,9999,
36,New York,121,Wyoming County,57254,Perry town,57243,Perry village,9999,
36,New York,121,Wyoming County,57254,Perry town,99999,,9999,
36,New York,121,Wyoming County,57826,Pike town,99999,,9999,
36,New York,121,Wyoming County,66773,Sheldon town,99999,,9999,
36,New York,121,Wyoming County,78344,Warsaw town,78333,Warsaw village,9999,
36,New York,121,Wyoming County,78344,Warsaw town,99999,,9999,
36,New York,121,Wyoming County,81325,Wethersfield town,99999,,9999,
36,New York,123,Yates County,04594,Barrington town,99999,,9999,
36,New York,123,Yates County,06002,Benton town,57177,Penn Yan village,9999,
36,New York,123,Yates County,06002,Benton town,99999,,9999,
36,New York,123,Yates County,38044,Italy town,99999,,9999,
36,New York,123,Yates County,38583,Jerusalem town,57177,Penn Yan village,9999,
36,New York,123,Yates County,38583,Jerusalem town,99999,,9999,
36,New York,123,Yates County,47020,Middlesex town,99999,,9999,
36,New York,123,Yates County,47504,Milo town,57177,Penn Yan village,9999,
36,New York,123,Yates County,47504,Milo town,99999,,9999,
36,New York,123,Yates County,59597,Potter town,64199,Rushville village,9999,
36,New York,123,Yates County,59597,Potter town,99999,,9999,
36,New York,123,Yates County,70816,Starkey town,21050,Dundee village,9999,
36,New York,123,Yates County,70816,Starkey town,99999,,9999,
36,New York,123,Yates County,75055,Torrey town,20896,Dresden village,9999,
36,New York,123,Yates County,75055,Torrey town,99999,,9999,
